Transaction_ID,Customer_ID,Transaction_Date,Customer_Age,Customer_Gender,Product_Category,Quantity,Unit_Price,Total_Spent,Payment_Method,Customer_Satisfaction
TX100785,CUST1008,2026-02-31,39,Other,Elec,5,280.34,nan,cash,2
TX100722,CUST1141,2026-02-30,-5,,Home,4,161.83,N/A,CC,3
TX100010,CUST1173,2025-12-01,69,M,Books,3,25.82,77.46,Credit Card,5
TX100342,CUST1134,2025-08-07,20,O,books,3,21.0,63.0,Cash,4
TX101182,CUST1035,2026-02-31,68,male,Home & Kitch,2,208.11,416.22,Debit Card,1
TX100709,CUST1066,2025-02-24,74,unknown,electronic,4,640.55,2562.2,CASH,3
TX101036,CUST1031,2025-08-18,60,O,clothing,2,87.57,175.14,Debit Card,3
TX100060,CUST1084,03/03/2025,42,Mlae,Home & Kitchen,1,204.76,204.76,CASH,4
TX100032,CUST1079,09/05/2025,65,Other,Book,5,,0.0,Debit Card,2
TX100692,CUST1093,"January 25, 2026",53,Male,unknown,5,108.62,1086.2,Cash,5
TX100968,CUST1003,"May 08, 2025",N/A,female,Books,5,19.76,98.8,Credit Card,1
TX100905,CUST1185,2025-05-18,120,Female,ELECTRONICS,2,894.58,1789.16,CC,2
TX100295,CUST1180,2025-04-18,35,female,home & kitchen,5,244.11,1220.55,debit card,1
TX101045,CUST1003,2025-01-08,35,f,Clothing,2,96.52,193.04,debit card,4
TX100134,CUST1131,2025-04-07,75,m,CLOTHING,1,nan,nan,cash,2
TX100861,CUST1191,"July 05, 2025",70,Male,ELECTRONICS,1,26.81,53.62,DC,3
TX100462,CUST1067,"August 31, 2025",26,unknown,Home & Kitch,5,413.96,2069.8,debit card,4
TX100364,CUST1174,2026-02-30,21,male,home & kitchen,1,37.57,37.57,Cash,3
TX100457,CUST1155,2026-03-07,59,F,Home & Kitch,1,60.41,60.41,Gpay,1
TX100585,CUST1003,nan,30,other,electronic,5,420.7,2103.5,DC,5
TX100512,CUST1137,2025-11-08,48,F,books,4,10.31,61.86,Cash,1
TX100297,CUST1189,2025-11-27,69,other,beauty,3,101.34,304.02,cash,3
TX100552,CUST1183,2025-03-20,-5,Male,electronic,5,430.67,2153.35,DC,3
TX101081,CUST1175,2025-04-18,65,Mlae,BEAUTY,3,128.64,385.92,credit card,2
TX100596,CUST1198,2026-02-25,0,M,Electronics,1,1173.61,1760.41,gpay,2
TX101046,CUST1077,2025-03-12,75,M,Book,4,28.55,114.2,CC,2
TX100212,CUST1011,2026-03-11,74,f,beauty,5,32.62,163.1,,4
TX100124,CUST1159,2025-01-28,42,unknown,Book,4,26.99,107.96,Debit Card,5
TX100924,CUST1190,2026-02-13,28,male,Home & Kitchen,4,413.59,nan,CC,4
TX100064,CUST1074,2026-02-30,50,other,,5,984.72,4923.6,CC,3
TX100016,CUST1177,2026-04-08,53,Male,electronic,2,1007.06,2014.12,gpay,2
TX100119,CUST1028,2025-01-06,53,Other,Book,5,36.07,270.52,Cash,2
TX100949,CUST1005,2026-03-07,40,Male,BEAUTY,1,71.34,N/A,cash,1
TX101118,CUST1104,2025-04-04,61,Mlae,,5,241.38,nan,debit card,5
TX100567,CUST1190,2025-07-22,64,f,Home & Kitch,2,9999.99,N/A,CREDIT CARD,2
TX100203,CUST1139,nan,41,other,Book,5,9.4,47.0,CREDIT CARD,5
TX100130,CUST1113,2025-08-22,26,F,Home & Kitchen,3,50.85,152.55,DC,2
TX101098,CUST1059,2026-01-25,37,Mlae,Clothing,4,46.45,185.8,Debit Card,0
TX100974,CUST1059,2025-10-31,48,m,Home & Kitchen,2,234.96,479.92,cash,3
TX100898,CUST1133,,29,O,Home,5,168.23,841.15,gpay,4
TX100461,CUST1156,2025-02-08,69,Femal,ELECTRONICS,3,271.18,813.54,Debit Card,4
TX100468,CUST1116,2026-04-28,,Other,Beauty,2,9999.99,19999.98,Debit Card,3
TX100289,CUST1059,2026-02-03,44,F,beauty,4,0.0,0.0,CASH,3
TX100228,CUST1146,2025-04-06,73,Other,CLOTHING,3,69.58,208.74,GPay,3
TX100842,CUST1066,2025-06-06,65,Male,Cloth,100,41.4,4140.0,CASH,unknown
TX100474,CUST1040,2025-01-15,NULL,Other,Other,2,459.45,918.9,cash,3
TX100570,CUST1005,2026-02-05,56,O,Clothing,2,17.01,34.02,CASH,5
TX100425,CUST1076,2025-12-04,38,Femal,Clothing,1,36.08,36.08,google pay,5
TX100337,CUST1070,2025-10-16,,Other,Elec,1,1333.3,1333.3,cash,1
TX100273,CUST1072,2025-05-10,-5,Other,CLOTHING,2,38.74,77.48,CREDIT CARD,
TX100988,CUST1034,2025-02-13,65,Other,Cloth,2,40.65,81.3,credit card,5
TX100410,CUST1194,2025-06-22,39,?,unknown,1,1463.45,,CASH,2
TX100038,CUST1024,2025-08-29,72,f,books,1,19.15,28.72,CC,2
TX101105,CUST1167,unknown,53,?,Electronics,4,666.67,1333.34,google pay,unknown
TX101067,CUST1180,2025-09-30,,unknown,Home,5,211.52,1057.6,cash,2
TX100547,CUST1144,2025-10-05,24,F,Elec,5,974.35,4871.75,DC,4
TX100619,CUST1011,2025-05-06,49,Other,CLOTHING,2,25.99,103.96,cash,5
TX100328,CUST1071,20/03/2026,65,f,Elec,5,118.22,591.1,debit card,1
TX100555,CUST1021,2026-03-26,75,other,ELECTRONICS,2,432.87,865.74,Debit Card,3
TX100990,CUST1141,23/09/2025,43,Other,Electronics,1,621.17,621.17,CC,2
TX100185,CUST1158,2026-03-21,59,Mlae,Home & Kitchen,100,196.21,19621.0,,3
TX100812,CUST1176,2025-11-20,36,Male,Home & Kitch,N/A,412.68,0.0,DC,4
TX100743,CUST1112,2025-04-28,63,other,Other,2,1246.59,2493.18,cash,4
TX100079,CUST1116,2026-02-31,63,O,Cloth,5,,0.0,DC,4
TX101101,CUST1086,2025-11-11,26,Male,Home & Kitchen,4,132.56,nan,DC,4
TX100292,CUST1109,"September 29, 2025",24,Male,ELECTRONICS,-3,550.44,-825.66,Debit Card,5
TX100985,CUST1122,2026-03-29,59,O,Cloth,1,81.67,91.67,Gpay,unknown
TX101192,CUST1007,2025-04-15,36,Other,CLOTHING,2,9999.99,19999.98,cash,4
TX100423,CUST1084,"February 02, 2025",43,m,BEAUTY,5,168.73,N/A,GPay,5
TX100480,CUST1110,2026-02-09,41,Female,electronic,5,1196.95,5984.75,google pay,5
TX100138,CUST1146,2025-03-27,54,M,Electronics,1,381.94,381.94,CC,2
TX100170,CUST1080,2025-03-08,27,female,BEAUTY,4,nan,50.0,gpay,nan
TX100231,CUST1093,2025-10-13,63,O,electronic,2,1441.67,2883.34,gpay,2
TX100535,CUST1064,2025-12-06,,F,Book,2,6.3,12.6,Cash,3
TX101097,CUST1168,2025-04-06,0,?,beauty,1,34.24,34.24,Credit Card,2
TX101016,CUST1087,,67,f,Elec,3,1152.31,3456.93,Google Pay,1
TX100872,CUST1165,2025-01-10,0,O,Book,2,49.83,99.66,gpay,3
TX101066,CUST1146,"August 20, 2025",33,O,Home,2,382.34,764.68,Google Pay,1
TX100155,CUST1023,2025-05-31,19,O,unknown,3,1181.62,nan,Cash,4
TX100783,CUST1061,2026-04-04,52,Other,beauty,1,193.0,193.0,unknown,4
TX100414,CUST1042,2026-04-21,64,Female,BEAUTY,1,160.74,160.74,CREDIT CARD,4
TX100897,CUST1170,2026-03-10,32,,CLOTHING,1,64.38,64.38,CASH,2
TX100895,CUST1165,2026-05-10,19,female,Cloth,100,59.83,5983.0,gpay,1
TX100602,CUST1024,2026-02-31,NULL,other,Book,3,10.77,32.31,CC,5
TX100099,CUST1191,2025-04-22,22,Male,unknown,4,286.37,1145.48,cash,nan
TX100085,CUST1128,2025-01-12,NaN,Male,BEAUTY,3,111.04,333.12,debit card,4
TX100987,CUST1132,2025-12-12,21,N/A,Home & Kitchen,2,205.67,822.68,CC,5
TX100372,CUST1071,2025-03-04,66,Other,books,1,22.63,,,nan
TX100877,CUST1118,2025-07-09,47,other,Books,3,42.88,128.64,Google Pay,2
TX100470,CUST1163,,,Mlae,,5,1392.3,6961.5,CREDIT CARD,2
TX101142,CUST1014,2025-07-28,73,other,electronic,-3,1065.96,-3197.88,GPay,5
TX100633,CUST1189,2026-04-13,44,m,ELECTRONICS,4,210.75,843.0,Google Pay,5
TX100011,CUST1004,12/05/2026,44,m,CLOTHING,4,39.17,156.68,Cash,2
TX100210,CUST1008,2025-09-04,32,male,Home & Kitchen,3,122.99,368.97,credit card,3
TX100206,CUST1055,2025-09-18,62,M,Electronics,4,1390.28,5561.12,Credit Card,4
TX100431,CUST1109,13/12/2025,50,other,Books,1,37.14,37.14,CC,unknown
TX100780,CUST1169,2026-03-07,61,female,Home & Kitch,0,191.15,0.0,GPay,
TX100569,CUST1067,2025-06-05,62,Femal,Book,2,17.46,34.92,debit card,2
TX100471,CUST1058,2026-02-02,48,N/A,unknown,4,31.26,125.04,debit card,4
TX100675,CUST1148,2025-01-03,NaN,f,Home & Kitch,4,110.3,441.2,credit card,4
TX100421,CUST1087,2025-10-31,20,f,Beauty,4,NULL,0.0,cash,4
TX101054,CUST1166,2025-08-14,62,Mlae,nan,4,627.26,5018.08,Credit Card,4
TX100750,CUST1131,2025-04-27,70,O,BEAUTY,4,18.18,72.72,CASH,1
TX100070,CUST1070,"August 19, 2025",32,Female,books,4,49.75,199.0,N/A,2
TX100869,CUST1067,2025-08-14,36,Female,Cloth,5,15.45,77.25,credit card,1
TX100755,CUST1062,2025-10-12,35,m,electronic,1,1489.83,1489.83,Debit Card,3
TX100148,CUST1069,01/10/2025,NULL,M,home & kitchen,-1,321.0,-321.0,Google Pay,2
TX100389,CUST1044,2025-02-23,56,M,Book,3,34.68,104.04,Gpay,4
TX100208,CUST1023,2025-05-22,30,other,electronic,5,1374.21,10306.58,Google Pay,0
TX100929,CUST1006,2025-07-04,42,O,Books,-1,36.16,-36.16,debit card,1
TX100392,CUST1188,N/A,24,M,clothing,5,9999.99,49999.95,cash,unknown
TX100784,CUST1099,2025-10-05,0,M,Beauty,1,159.78,159.78,gpay,3
TX101189,CUST1041,"March 26, 2025",41,male,clothing,4,nan,nan,Debit Card,1
TX100003,CUST1093,2025-10-23,67,M,Book,3,12.32,36.96,credit card,2
TX100152,CUST1182,"December 10, 2025",34,Other,Electronics,4,nan,nan,Cash,5
TX100866,CUST1187,2026-02-27,N/A,female,Beauty,1,nan,nan,,1
TX101052,CUST1194,,37,Mlae,BEAUTY,1,188.17,188.17,Credit Card,3
TX100846,CUST1137,2025-04-18,56,Femal,Home,1,78.98,78.98,CASH,4
TX100422,CUST1095,2025-01-06,60,?,BEAUTY,1,160.51,160.51,cash,1
TX100252,CUST1002,2025-05-06,70,M,Home & Kitchen,1,305.14,305.14,,2
TX100049,CUST1004,2025-05-16,61,female,CLOTHING,5,46.08,230.4,CASH,4
TX100908,CUST1137,2025-11-15,71,Mlae,Home,1,289.03,289.03,Debit Card,2
TX100737,CUST1108,2025-10-18,64,female,Home,5,260.87,1304.35,Gpay,3
TX100775,CUST1174,2025-02-22,32,Mlae,Other,4,nan,nan,CREDIT CARD,5
TX100167,CUST1091,2025-04-25,39,O,ELECTRONICS,5,878.86,4394.3,CC,4
TX100591,CUST1026,2025-01-29,36,Male,Books,5,18.45,92.25,DC,3
TX101181,CUST1048,07/03/2026,62,other,beauty,4,119.24,,DC,2
TX100936,CUST1128,2025-08-15,51,O,Home & Kitch,1,274.17,274.17,credit card,4
TX100647,CUST1115,2025-08-10,NULL,Femal,Beauty,1,66.12,66.12,DC,3
TX100244,CUST1139,2025-12-17,75,m,nan,5,1377.33,6886.65,,2
TX100841,CUST1193,2025-09-30,NaN,Femal,Clothing,2,65.38,130.76,Debit Card,4
TX101020,CUST1035,"January 06, 2025",27,M,nan,4,724.31,2897.24,CASH,4
TX100634,CUST1084,2026-02-31,36,O,ELECTRONICS,2,1426.31,2852.62,CC,1
TX101135,CUST1035,2025-12-15,20,m,nan,4,549.96,2199.84,CREDIT CARD,3
TX100613,CUST1171,2026-03-05,69,O,books,4,30.23,120.92,Cash,5
TX100478,CUST1120,2026-01-17,30,male,,5,481.15,3608.62,cash,3
TX100746,CUST1012,"August 07, 2025",68,Other,beauty,5,23.39,116.95,Debit Card,1
TX100175,CUST1160,2025-05-18,25,female,Book,2,10.09,20.18,,5
TX100274,CUST1153,2026-04-24,NULL,F,Home & Kitchen,1,37.85,37.85,Google Pay,4
TX100279,CUST1046,2026-02-30,29,M,Books,1,46.07,46.07,debit card,4
TX100496,CUST1073,2026-02-30,N/A,Other,electronic,4,1400.74,5602.96,Cash,6
TX101030,CUST1192,2025-09-11,-12,Male,Clothing,1,109.45,54.73,debit card,1
TX100493,CUST1187,2026-02-30,27,M,Book,1,9999.99,9999.99,CASH,3
TX100566,CUST1011,2025-03-04,120,female,electronic,3,637.25,1911.75,CREDIT CARD,5
TX100874,CUST1074,2025-02-24,58,other,Cloth,1,17.67,17.67,CASH,2
TX100882,CUST1013,2025-05-22,-12,female,Clothing,2,14.56,29.12,Debit Card,4
TX101085,CUST1122,02/09/2025,64,Mlae,Cloth,1,41.82,N/A,google pay,4
TX100386,CUST1194,2025-12-02,NaN,M,CLOTHING,5,96.46,482.3,CREDIT CARD,4
TX100487,CUST1130,nan,NaN,Male,clothing,N/A,81.32,N/A,CC,1
TX100615,CUST1172,2026-04-10,39,Female,home & kitchen,3,nan,nan,CASH,nan
TX100014,CUST1068,2025-03-09,36,other,Beauty,5,65.48,163.7,credit card,5
TX100514,CUST1169,2025-03-04,NaN,O,CLOTHING,3,95.82,287.46,debit card,5
TX100046,CUST1051,2025-07-16,54,O,Book,1,45.98,nan,google pay,2
TX100460,CUST1184,2025-04-29,63,other,Other,2,521.75,nan,Cash,5
TX100391,CUST1115,"February 02, 2025",54,f,electronic,4,533.24,2132.96,Google Pay,5
TX100302,CUST1095,2025-07-17,46,M,books,nan,17.99,0.0,Cash,5
TX100270,CUST1109,2025-10-10,56,F,Home & Kitch,500,NULL,0.0,CASH,5
TX100606,CUST1066,2025-06-24,60,O,Home & Kitch,5,69.91,349.55,Debit Card,3
TX100701,CUST1001,28/05/2025,43,O,books,0,40.39,nan,Cash,4
TX101072,CUST1009,,25,other,CLOTHING,5,77.42,387.1,Debit Card,2
TX100237,CUST1130,2025-02-16,26,Femal,beauty,4,104.35,417.4,Google Pay,5
TX100685,CUST1045,2025-07-18,-5,Mlae,ELECTRONICS,1,857.91,857.91,Debit Card,4
TX100724,CUST1194,2025-08-10,31,other,BEAUTY,2,0.0,0.0,DC,1
TX100265,CUST1099,"February 03, 2025",68,N/A,Cloth,1,91.33,,cash,4
TX100074,CUST1179,"September 03, 2025",67,,Elec,3,1401.39,8408.34,credit card,1
TX100676,CUST1040,04/03/2026,75,Other,electronic,4,468.23,1872.92,,1
TX100135,CUST1196,2025-08-30,31,m,beauty,4,23.83,95.32,Debit Card,2
TX100864,CUST1087,2026-03-23,35,unknown,Book,5,14.86,74.3,google pay,2
TX100684,CUST1035,2026-01-18,68,other,Beauty,2,69.35,138.7,cash,1
TX100324,CUST1008,2025-05-13,20,unknown,Electronics,3,0.0,N/A,CC,unknown
TX100334,CUST1098,2025-06-04,,F,Home & Kitch,3,323.96,971.88,Google Pay,3
TX100054,CUST1016,2025-09-03,46,male,Elec,5,831.57,8315.7,Cash,1
TX100922,CUST1028,2025-04-21,30,f,ELECTRONICS,3,1400.57,,debit card,1
TX100217,CUST1098,2025-11-11,28,f,beauty,1,23.19,23.19,DC,3
TX100868,CUST1113,07/04/2026,73,,books,-1,19.38,,DC,5
TX100920,CUST1146,17/03/2026,NaN,Other,Book,1,25.96,25.96,Debit Card,5
TX100735,CUST1070,2025-03-24,67,f,BEAUTY,2,29.09,58.18,DC,3
TX100336,CUST1059,2025-04-04,45,Female,beauty,1,170.4,170.4,Debit Card,5
TX100525,CUST1130,2025-02-09,68,Other,nan,4,1017.68,4070.72,debit card,4
TX100666,CUST1073,2025-05-17,30,female,Home & Kitch,3,211.47,1268.82,Cash,1
TX100494,CUST1085,unknown,20,O,ELECTRONICS,5,1452.87,7264.35,unknown,-1
TX100035,CUST1161,2025-04-19,53,m,beauty,2,63.32,,DC,2
TX101198,CUST1133,2026-04-22,71,O,Beauty,4,159.74,638.96,Google Pay,4
TX100947,CUST1147,2025-05-26,69,O,Books,4,28.35,113.4,CC,5
TX101031,CUST1150,2025-04-26,NaN,M,Electronics,3,1360.68,4082.04,,2
TX100385,CUST1093,2025-01-20,34,O,Beauty,N/A,-10.0,0.0,debit card,unknown
TX100253,CUST1042,2025-12-11,54,m,Home & Kitchen,3,155.43,nan,CREDIT CARD,1
TX100975,CUST1029,"March 15, 2026",52,F,ELECTRONICS,2,NULL,0.0,cash,1
TX100283,CUST1118,"April 27, 2026",55,Male,books,5,7.06,35.3,CREDIT CARD,1
TX100107,CUST1066,2026-01-26,28,F,beauty,5,9999.99,49999.95,Credit Card,2
TX100376,CUST1164,2025-09-18,46,Male,Home & Kitch,3,150.37,451.11,DC,3
TX100532,CUST1041,2025-09-17,61,other,ELECTRONICS,5,489.94,2449.7,Credit Card,5
TX101166,CUST1067,2025-07-15,36,O,Clothing,nan,0.0,nan,Cash,1
TX100690,CUST1164,07/05/2025,29,female,books,5,25.66,128.3,CC,4
TX100207,CUST1158,02/12/2025,67,O,clothing,5,66.16,330.8,Debit Card,2
TX100963,CUST1139,2025-11-01,-12,female,BEAUTY,5,147.05,735.25,debit card,5
TX100510,CUST1168,2025-01-16,74,M,Home & Kitchen,1,365.46,365.46,CREDIT CARD,nan
TX101107,CUST1075,2025-02-04,64,O,Home & Kitch,5,nan,nan,DC,4
TX101071,CUST1084,13/04/2025,,m,Electronics,1,985.51,985.51,CREDIT CARD,2
TX100448,CUST1069,2025-03-15,,Female,books,2,18.83,37.66,DC,1
TX101115,CUST1060,N/A,35,m,Home,1,260.13,260.13,cash,3
TX100466,CUST1021,"June 02, 2025",60,Male,Book,nan,12.4,0.0,Google Pay,5
TX101158,CUST1170,2025-12-03,59,Male,beauty,1,85.61,85.61,N/A,2
TX100913,CUST1064,2025-06-02,120,female,Home & Kitchen,5,271.25,1356.25,debit card,3
TX100048,CUST1094,2025-09-29,70,N/A,Home & Kitchen,1,NULL,0.0,N/A,4
TX100579,CUST1118,06/04/2026,39,female,home & kitchen,2,79.39,158.78,DC,2
TX100255,CUST1091,2026-04-20,58,Mlae,Home,1,217.23,217.23,cash,3
TX100697,CUST1109,2025-02-15,34,M,BEAUTY,2,nan,nan,GPay,5
TX100809,CUST1050,25/12/2025,22,other,clothing,5,64.62,323.1,,2
TX100293,CUST1192,2025-10-26,63,f,Electronics,3,805.76,2417.28,GPay,3
TX101094,CUST1195,2025-11-26,65,unknown,Book,1,29.92,29.92,DC,4
TX100739,CUST1056,2025-07-09,150,Femal,Clothing,2,77.3,154.6,GPay,3
TX100420,CUST1189,30/11/2025,61,m,unknown,2,1390.46,1390.46,,unknown
TX101133,CUST1181,2025-10-30,69,M,CLOTHING,2,116.82,233.64,DC,5
TX100543,CUST1128,2025-06-10,50,other,ELECTRONICS,4,208.38,833.52,Google Pay,1
TX101115,CUST1060,N/A,35,m,Home,1,260.13,260.13,cash,3
TX100387,CUST1198,2026-04-28,53,Mlae,Home & Kitchen,3,162.82,488.46,debit card,5
TX100263,CUST1179,2025-08-28,67,M,beauty,100,0.0,0.0,cash,4
TX100952,CUST1008,2025-02-27,62,male,home & kitchen,5,423.09,2115.45,CASH,10
TX101116,CUST1030,2025-12-03,35,?,BEAUTY,2,169.11,338.22,Debit Card,2
TX100553,CUST1182,,NULL,other,Cloth,1,28.98,28.98,Cash,1
TX100347,CUST1005,2025-08-05,59,Female,Home & Kitch,1,85.18,85.18,google pay,6
TX100318,CUST1083,2025-02-01,40,Other,Home & Kitch,3,446.5,1339.5,Gpay,1
TX100160,CUST1177,2025-05-02,41,female,books,2,nan,nan,CASH,2
TX101069,CUST1155,2025-09-26,57,f,books,2,13.51,27.02,google pay,-1
TX100804,CUST1061,,35,?,,5,494.69,2473.45,google pay,0
TX100916,CUST1095,2025-06-22,48,Male,beauty,4,186.35,755.4,credit card,6
TX100433,CUST1068,2025-04-20,37,,unknown,1,930.98,930.98,Google Pay,1
TX100342,CUST1134,2025-08-07,48,O,books,3,21.0,73.0,Cash,4
TX100456,CUST1109,15/12/2025,54,Other,clothing,N/A,9999.99,0.0,Google Pay,5
TX100196,CUST1166,2025-11-07,75,Female,Electronics,5,619.6,6196.0,CASH,3
TX100544,CUST1010,2026-03-30,49,O,Home & Kitchen,3,328.18,984.54,DC,2
TX100919,CUST1050,2025-06-08,59,F,beauty,4,158.03,632.12,DC,2
TX100661,CUST1115,2025-11-17,38,f,beauty,5,-10.0,-50.0,cash,4
TX100301,CUST1057,2025-08-17,30,male,ELECTRONICS,1,1464.24,1464.24,CREDIT CARD,4
TX100413,CUST1009,2025-03-07,53,unknown,Books,5,15.84,79.2,Credit Card,1
TX100056,CUST1034,2026-02-31,44,O,electronic,3,173.33,519.99,CREDIT CARD,3
TX100367,CUST1073,2025-01-24,23,M,Home & Kitch,5,431.48,2157.4,DC,2
TX100682,CUST1190,2026-04-30,68,Mlae,Home & Kitchen,1,136.32,136.32,DC,4
TX100977,CUST1004,2025-11-15,73,M,Books,2,-10.0,-20.0,GPay,3
TX101180,CUST1108,2025-02-18,59,Femal,beauty,1,8.4,8.4,debit card,2
TX100677,CUST1076,"March 03, 2025",22,m,unknown,5,464.32,2321.6,CASH,1
TX101076,CUST1128,2025-09-08,40,Female,Clothing,3,101.67,305.01,google pay,2
TX100172,CUST1107,2025-08-16,27,other,books,5,17.15,85.75,Credit Card,1
TX100168,CUST1014,2026-02-31,54,F,Clothing,2,44.48,88.96,google pay,4
TX100396,CUST1052,2025-02-16,70,Other,Elec,1,635.21,635.21,google pay,5
TX101070,CUST1056,2025-06-14,NULL,Femal,Books,2,16.47,32.94,DC,1
TX100437,CUST1110,2026-05-15,36,F,Beauty,1,,0.0,CASH,1
TX101177,CUST1145,2026-02-19,46,M,beauty,3,-10.0,-30.0,google pay,1
TX100094,CUST1127,,54,female,BEAUTY,2,171.4,342.8,Google Pay,2
TX100309,CUST1021,06/08/2025,67,Female,Electronics,3,84.06,252.18,credit card,2
TX100069,CUST1095,2025-12-14,42,F,Beauty,1,131.11,131.11,CREDIT CARD,2
TX101006,CUST1128,14/03/2025,150,M,Clothing,5,101.09,252.72,Debit Card,-1
TX100400,CUST1190,2026-03-26,66,female,clothing,2,9999.99,39999.96,google pay,5
TX100560,CUST1051,2026-05-03,68,,clothing,2,60.66,121.32,Debit Card,2
TX100529,CUST1135,unknown,38,Male,CLOTHING,5,106.75,533.75,debit card,2
TX100404,CUST1002,07/01/2025,44,N/A,Home & Kitchen,1,446.73,223.37,cash,3
TX100243,CUST1058,2025-03-19,64,other,CLOTHING,2,56.91,113.82,gpay,5
TX100808,CUST1199,24/09/2025,24,Mlae,Beauty,-1,118.67,-118.67,Cash,5
TX100306,CUST1014,2025-05-20,,other,nan,2,1151.74,2303.48,DC,3
TX100132,CUST1027,2025-06-10,70,M,Beauty,2,92.5,185.0,CASH,2
TX101175,CUST1132,24/05/2025,28,female,Book,2,19.54,39.08,gpay,3
TX100648,CUST1132,14/03/2026,40,Other,Home & Kitchen,-1,9999.99,,credit card,3
TX101088,CUST1151,2026-02-30,33,male,beauty,2,155.34,310.68,Debit Card,5
TX101009,CUST1134,2026-01-17,66,m,Books,5,36.06,180.3,,2
TX100022,CUST1050,2026-01-03,59,m,beauty,2,184.15,368.3,debit card,5
TX100509,CUST1085,unknown,40,male,Beauty,5,104.01,520.05,CC,6
TX100594,CUST1145,2025-02-17,50,Mlae,nan,4,1230.28,N/A,Debit Card,5
TX100700,CUST1129,2025-09-16,27,Mlae,beauty,4,41.63,166.52,Credit Card,
TX100220,CUST1035,2026-05-12,58,O,beauty,100,111.62,11162.0,Debit Card,1
TX100513,CUST1151,06/01/2025,0,M,Electronics,2,438.24,876.48,Debit Card,4
TX100157,CUST1176,"March 20, 2026",23,Other,BEAUTY,5,0.0,0.0,,2
TX100790,CUST1108,2026-02-30,45,Female,beauty,,141.85,0.0,,3
TX100490,CUST1188,2026-02-26,31,Femal,Electronics,5,725.6,1814.0,credit card,4
TX100007,CUST1040,2026-02-30,49,female,Clothing,4,NULL,0.0,CASH,5
TX100195,CUST1040,"October 17, 2025",NaN,M,Book,2,35.58,71.16,debit card,2
TX100534,CUST1158,2025-07-14,51,male,Home & Kitch,4,275.06,1100.24,debit card,nan
TX100246,CUST1092,2025-02-10,56,O,Book,2,13.7,27.4,debit card,2
TX100902,CUST1089,14/10/2025,70,other,clothing,4,30.13,180.78,CC,4
TX100699,CUST1043,2026-02-30,24,Mlae,books,2,-10.0,-20.0,Gpay,1
TX100343,CUST1012,12/02/2025,64,O,home & kitchen,,106.81,0.0,CC,1
TX100639,CUST1100,12/05/2025,37,f,Beauty,,169.31,0.0,CASH,4
TX101043,CUST1111,2025-04-10,20,Mlae,Elec,2,817.34,1634.68,Credit Card,
TX100850,CUST1141,2025-02-12,36,Other,home & kitchen,1,271.49,271.49,gpay,4
TX100211,CUST1056,2026-04-03,30,M,Home,2,378.81,757.62,CC,5
TX100872,CUST1165,2025-01-10,0,O,Book,2,49.83,99.66,gpay,3
TX101184,CUST1016,2025-03-21,48,O,books,3,16.07,48.21,DC,2
TX100199,CUST1151,2025-12-01,NaN,female,books,2,24.8,49.6,gpay,5
TX100523,CUST1055,18/02/2026,68,F,Beauty,2,,0.0,CASH,5
TX101058,CUST1119,,70,O,beauty,2,145.85,291.7,credit card,nan
TX100614,CUST1165,2026-05-04,NaN,other,Book,1,20.63,N/A,CC,4
TX100998,CUST1146,2026-01-12,19,Femal,ELECTRONICS,4,1132.12,N/A,debit card,1
TX100522,CUST1019,2025-11-25,56,f,Home & Kitch,0,285.53,0.0,N/A,5
TX100518,CUST1137,26/08/2025,34,f,Cloth,0,-10.0,-0.0,Cash,3
TX101200,CUST1138,2025-04-17,22,female,clothing,2,118.61,237.22,Gpay,4
TX100087,CUST1103,2025-09-14,69,F,Beauty,5,69.16,345.8,DC,5
TX101103,CUST1019,2025-05-25,59,Mlae,unknown,5,1067.94,5339.7,Cash,5
TX101037,CUST1054,2026-01-04,33,Mlae,books,2,16.74,33.48,Debit Card,1
TX100121,CUST1085,2025-10-14,29,O,Beauty,4,82.66,330.64,Credit Card,5
TX100409,CUST1097,2025-03-05,48,Male,Electronics,5,1191.84,5959.2,unknown,10
TX100002,CUST1002,2026-01-24,31,N/A,Books,3,32.17,96.51,Cash,5
TX100311,CUST1194,2025-10-03,50,female,CLOTHING,1,29.89,29.89,Google Pay,3
TX100082,CUST1044,unknown,54,Male,beauty,5,87.98,439.9,DC,nan
TX100355,CUST1100,"January 07, 2026",52,Mlae,beauty,2,12.5,25.0,DC,5
TX100280,CUST1039,nan,62,Femal,Book,1,29.31,43.96,debit card,4
TX100593,CUST1036,2025-03-03,69,Other,beauty,4,0.0,0.0,DC,1
TX101179,CUST1031,2025-07-03,150,Female,clothing,2,23.32,46.64,Debit Card,1
TX100971,CUST1026,2025-07-14,20,Other,CLOTHING,2,69.92,139.84,CREDIT CARD,6
TX100572,CUST1095,2025-06-05,19,Other,beauty,1,152.27,152.27,unknown,-1
TX100126,CUST1116,"May 15, 2025",25,M,BEAUTY,5,129.49,647.45,GPay,5
TX101082,CUST1156,2026-02-31,45,M,Home & Kitch,1,420.66,420.66,Credit Card,4
TX100052,CUST1033,2026-02-07,31,male,Beauty,2,197.61,395.22,credit card,2
TX100161,CUST1114,2025-04-19,41,Other,beauty,5,176.83,884.15,credit card,1
TX100338,CUST1083,2025-03-20,48,Femal,Home & Kitchen,4,156.34,625.36,N/A,1
TX100860,CUST1198,2025-07-11,53,Male,Home & Kitchen,4,400.37,,Cash,1
TX100954,CUST1113,2026-02-11,42,female,CLOTHING,1,103.29,103.29,Cash,nan
TX100645,CUST1113,2025-10-27,49,N/A,electronic,2,943.57,943.57,N/A,3
TX100366,CUST1063,2025-10-03,70,O,Clothing,4,40.06,160.24,N/A,5
TX101002,CUST1131,2025-06-05,27,female,Home & Kitchen,4,397.24,1588.96,,4
TX101051,CUST1189,2025-02-18,N/A,Female,Books,4,nan,nan,Cash,4
TX100503,CUST1031,2025-10-16,59,O,Home,4,nan,nan,Gpay,10
TX100023,CUST1110,"March 02, 2026",48,male,beauty,3,92.46,277.38,credit card,4
TX101137,CUST1056,04/02/2025,75,other,Beauty,4,139.58,,Credit Card,5
TX100259,CUST1056,2025-09-26,67,m,books,3,46.56,139.68,GPay,5
TX100278,CUST1076,2025-08-28,35,other,home & kitchen,1,135.62,135.62,unknown,nan
TX100218,CUST1114,2026-02-04,NULL,M,Home & Kitchen,4,59.81,N/A,CASH,1
TX100123,CUST1081,2025-03-02,27,Femal,Book,5,36.2,362.0,Debit Card,4
TX100582,CUST1058,18/03/2025,59,f,Elec,3,1003.08,3009.24,CREDIT CARD,5
TX100761,CUST1110,2025-08-11,65,Male,,2,554.76,1109.52,CC,4
TX101199,CUST1024,nan,NULL,other,Book,5,14.09,70.45,CREDIT CARD,3
TX100631,CUST1176,2026-03-24,50,Other,ELECTRONICS,-3,1074.37,-3223.11,Credit Card,-1
TX101042,CUST1042,2025-05-06,56,Mlae,Book,4,6.79,27.16,Debit Card,nan
TX100179,CUST1164,2025-06-05,39,M,Home & Kitch,3,326.42,979.26,debit card,3
TX100398,CUST1183,2025-10-02,38,unknown,clothing,3,117.58,352.74,cash,2
TX100917,CUST1028,11/03/2025,72,Femal,Books,3,33.26,199.56,,-1
TX100340,CUST1189,2026-02-17,60,Femal,Book,5,32.02,160.1,Google Pay,1
TX100106,CUST1195,2026-03-06,20,M,BEAUTY,4,64.68,258.72,Google Pay,3
TX100711,CUST1152,2025-07-12,18,f,Clothing,2,13.6,N/A,DC,1
TX101012,CUST1067,2025-07-23,61,m,Elec,3,-10.0,-30.0,CC,-1
TX100827,CUST1157,2025-08-08,22,Mlae,Books,3,31.1,93.3,GPay,5
TX100891,CUST1033,2025-02-10,62,N/A,Other,3,294.34,883.02,DC,3
TX100997,CUST1171,"March 20, 2026",56,male,Electronics,5,378.61,1893.05,gpay,
TX101162,CUST1126,2025-07-14,33,Male,Book,1,34.59,34.59,,2
TX100713,CUST1067,2025-03-22,56,Female,Home,4,171.06,684.24,cash,2
TX100999,CUST1079,2025-12-02,32,f,Electronics,3,370.16,1110.48,Gpay,2
TX100388,CUST1009,2026-02-31,69,other,Books,-1,29.05,-29.05,CASH,0
TX100578,CUST1094,2025-07-24,45,M,Beauty,3,87.28,392.76,CREDIT CARD,1
TX100430,CUST1091,2026-02-13,NaN,male,Home & Kitchen,1,-10.0,-10.0,DC,0
TX100162,CUST1093,2025-12-27,43,Male,books,4,31.41,125.64,CREDIT CARD,1
TX100878,CUST1026,2025-11-28,51,other,electronic,4,177.5,710.0,DC,5
TX101001,CUST1040,2026-02-31,150,Femal,home & kitchen,1,303.14,303.14,CC,
TX100378,CUST1145,2026-05-09,24,m,Elec,4,943.4,3773.6,unknown,4
TX100779,CUST1140,2026-01-04,,Other,Books,500,40.09,20045.0,CC,1
TX100706,CUST1085,05/12/2025,27,Male,Home & Kitch,1,-10.0,-10.0,Google Pay,3
TX100159,CUST1038,18/10/2025,,male,Home & Kitch,4,263.83,1055.32,Cash,3
TX101164,CUST1190,2025-06-09,49,m,BEAUTY,5,0.0,0.0,GPay,1
TX101114,CUST1193,2026-02-30,49,Mlae,electronic,5,86.83,434.15,debit card,1
TX100314,CUST1017,2025-07-06,43,f,BEAUTY,4,76.37,458.22,Google Pay,3
TX101167,CUST1164,2026-02-21,35,,Beauty,4,40.35,161.4,gpay,5
TX100571,CUST1100,2025-09-01,27,f,CLOTHING,1,82.68,92.68,Debit Card,5
TX101050,CUST1129,"March 24, 2026",35,female,BEAUTY,1,119.66,119.66,Cash,4
TX100125,CUST1074,28/03/2025,53,Other,beauty,1,153.92,153.92,Gpay,1
TX100729,CUST1190,2025-01-27,,Female,Home & Kitch,3,-10.0,-30.0,Credit Card,2
TX100491,CUST1037,2026-05-08,29,,electronic,N/A,21.49,0.0,CREDIT CARD,5
TX100965,CUST1193,unknown,,m,CLOTHING,,19.13,0.0,debit card,1
TX101087,CUST1133,,20,m,Home & Kitchen,5,400.89,2004.45,Credit Card,2
TX100004,CUST1042,2026-02-30,71,M,Home & Kitch,2,412.21,824.42,cash,10
TX100091,CUST1144,2026-04-24,52,female,nan,3,1433.86,8603.16,Cash,5
TX101151,CUST1106,08/10/2025,54,m,clothing,5,80.28,401.4,CC,2
TX101120,CUST1081,26/02/2026,58,other,Book,3,8.18,24.54,google pay,5
TX100726,CUST1186,2026-01-25,71,male,Book,1,7.47,3.73,Cash,4
TX100141,CUST1189,2026-01-08,NULL,M,Electronics,500,631.32,315660.0,credit card,4
TX100498,CUST1178,2025-06-10,40,f,Beauty,nan,24.98,0.0,Debit Card,5
TX100029,CUST1028,"August 10, 2025",27,other,Other,5,1166.47,N/A,GPay,4
TX100101,CUST1064,2025-08-24,,O,Elec,1,899.04,899.04,GPay,2
TX101041,CUST1021,2026-02-07,29,Male,Home & Kitch,3,209.54,628.62,GPay,2
TX100600,CUST1033,2025-09-23,21,male,Books,2,NULL,N/A,credit card,2
TX101191,CUST1002,2025-04-06,150,other,electronic,100,1090.1,nan,DC,4
TX100853,CUST1069,2026-01-31,41,m,clothing,4,68.77,275.08,Cash,5
TX100380,CUST1046,"April 11, 2025",-5,m,electronic,0,695.18,0.0,CASH,2
TX100305,CUST1127,12/05/2026,54,f,,5,45.97,229.85,CASH,2
TX100559,CUST1188,2025-07-24,56,O,Clothing,3,114.94,344.82,DC,unknown
TX100482,CUST1006,26/05/2025,18,N/A,Books,5,6.76,33.8,CASH,3
TX100330,CUST1067,"March 30, 2025",30,F,books,1,46.54,46.54,Cash,2
TX100669,CUST1078,2025-08-16,21,Other,Other,4,987.37,3949.48,Gpay,2
TX100985,CUST1122,2026-03-29,29,O,Cloth,1,81.67,81.67,Gpay,unknown
TX100716,CUST1182,2026-03-18,63,Femal,Clothing,2,114.97,229.94,,2
TX100912,CUST1090,2025-02-26,31,Male,beauty,500,171.19,85595.0,debit card,4
TX100714,CUST1080,2025-12-08,27,Mlae,Clothing,,26.43,0.0,Google Pay,1
TX100558,CUST1009,2025-06-15,-5,female,Elec,0,260.86,0.0,CASH,4
TX101146,CUST1066,2025-06-21,37,female,Home & Kitch,1,90.37,90.37,GPay,5
TX101149,CUST1179,"July 09, 2025",35,unknown,Home,5,267.54,668.85,DC,3
TX101146,CUST1066,2025-06-21,37,female,Home & Kitch,1,90.37,90.37,GPay,5
TX100407,CUST1188,2025-07-30,18,male,books,2,41.74,93.48,CASH,4
TX100438,CUST1180,2026-01-09,NaN,m,Cloth,5,31.96,159.8,gpay,4
TX100449,CUST1012,2025-02-22,150,Male,Books,3,15.16,45.48,CC,1
TX100223,CUST1083,2026-02-30,24,m,Clothing,4,33.89,135.56,debit card,1
TX100236,CUST1107,22/04/2026,72,m,Beauty,5,36.72,183.6,cash,5
TX100540,CUST1078,2025-05-21,NULL,Female,books,3,45.84,137.52,CASH,3
TX100993,CUST1024,2025-12-06,39,O,Elec,1,121.25,121.25,Cash,4
TX100969,CUST1035,2025-06-03,75,other,Book,4,8.55,34.2,gpay,5
TX100549,CUST1144,2025-07-21,37,Femal,Beauty,N/A,168.05,N/A,DC,4
TX100039,CUST1133,2025-07-05,21,Other,unknown,4,NULL,0.0,DC,4
TX101161,CUST1042,"May 12, 2026",23,O,home & kitchen,4,421.24,842.48,unknown,3
TX100759,CUST1101,2025-07-08,-5,Male,beauty,3,51.36,154.08,Google Pay,2
TX101123,CUST1140,2025-02-21,51,Other,Clothing,4,10.77,43.08,Credit Card,5
TX100629,CUST1135,2025-10-16,52,female,clothing,100,54.47,5447.0,DC,4
TX100758,CUST1007,2026-02-20,25,other,nan,3,718.96,2156.88,CC,-1
TX100789,CUST1013,12/04/2025,35,male,Home & Kitchen,4,61.77,247.08,Gpay,2
TX100464,CUST1120,nan,29,f,Home & Kitchen,5,226.54,1132.7,credit card,
TX100080,CUST1142,2025-03-08,63,O,Beauty,3,131.33,393.99,gpay,1
TX100317,CUST1035,2025-06-09,61,other,Book,2,27.8,55.6,N/A,3
TX100118,CUST1115,2025-11-03,73,Other,Home & Kitchen,2,301.06,602.12,cash,nan
TX100251,CUST1074,"November 17, 2025",,Female,books,5,44.72,223.6,cash,5
TX100718,CUST1071,2025-09-29,57,Other,BEAUTY,4,16.55,66.2,CC,4
TX100375,CUST1103,2025-02-19,0,f,BEAUTY,1,95.18,95.18,credit card,-1
TX100760,CUST1056,2025-11-07,35,Female,electronic,5,622.73,N/A,Debit Card,4
TX100381,CUST1034,2026-02-11,38,Other,nan,3,1188.59,3565.77,google pay,nan
TX100834,CUST1019,2025-08-31,71,O,Home,2,58.5,117.0,cash,1
TX100815,CUST1051,2025-09-18,47,Female,Other,5,1431.75,7158.75,credit card,5
TX100876,CUST1143,2026-02-09,29,other,Book,1,15.39,15.39,GPay,-1
TX100073,CUST1140,2025-09-17,-5,female,Home & Kitchen,1,350.6,350.6,DC,4
TX100219,CUST1027,2025-05-15,NULL,male,Cloth,2,13.14,nan,CASH,10
TX100907,CUST1166,2025-08-21,31,f,Clothing,2,24.5,49.0,DC,5
TX100777,CUST1037,09/04/2026,28,,Clothing,5,68.99,344.95,Cash,3
TX100599,CUST1103,2026-05-08,22,O,ELECTRONICS,1,1427.94,1427.94,gpay,1
TX100110,CUST1097,2025-10-10,23,female,Electronics,5,723.74,3618.7,N/A,1
TX100232,CUST1146,17/11/2025,24,O,Books,2,29.75,59.5,cash,6
TX101190,CUST1108,2026-01-28,49,male,beauty,2,57.42,,CREDIT CARD,3
TX100415,CUST1168,2025-11-25,34,Male,Beauty,1,117.99,117.99,CREDIT CARD,5
TX100996,CUST1080,2026-02-30,23,Mlae,Other,1,9999.99,9999.99,debit card,3
TX100797,CUST1053,2026-01-03,67,other,Books,3,26.6,79.8,debit card,2
TX101005,CUST1089,2026-03-10,23,female,Home & Kitchen,2,122.5,245.0,Cash,2
TX100670,CUST1031,2026-02-30,150,Male,books,3,17.15,51.45,gpay,4
TX100310,CUST1048,2025-12-10,35,N/A,BEAUTY,5,117.49,587.45,gpay,
TX101057,CUST1196,2025-02-05,,other,BEAUTY,5,0.0,0.0,Debit Card,2
TX100610,CUST1101,"October 30, 2025",35,Female,BEAUTY,4,35.34,141.36,DC,5
TX100516,CUST1030,2025-01-11,42,Male,beauty,4,81.86,327.44,CASH,3
TX100451,CUST1027,2025-05-19,63,M,clothing,4,89.35,357.4,CASH,1
TX101047,CUST1065,2025-11-06,35,m,Home & Kitchen,4,23.6,N/A,gpay,2
TX101156,CUST1008,28/02/2025,35,Male,clothing,,62.39,N/A,DC,3
TX100209,CUST1067,2025-03-31,36,Mlae,Other,4,853.49,3413.96,unknown,5
TX100945,CUST1157,"March 22, 2026",46,other,clothing,5,40.01,200.05,Debit Card,5
TX100165,CUST1164,2025-06-16,N/A,Other,beauty,2,146.49,439.47,cash,5
TX100126,CUST1116,"May 15, 2025",25,M,BEAUTY,5,129.49,647.45,GPay,5
TX100329,CUST1165,2025-11-25,18,O,Electronics,5,1076.07,5380.35,cash,2
TX100010,CUST1173,2025-12-01,69,M,Books,3,25.82,77.46,Credit Card,5
TX101029,CUST1184,2025-08-03,47,other,CLOTHING,5,51.1,255.5,cash,4
TX100450,CUST1058,2025-02-22,41,,Beauty,5,72.29,361.45,DC,3
TX100720,CUST1013,"May 06, 2026",75,Female,Home & Kitchen,5,107.84,539.2,Google Pay,3
TX100796,CUST1135,2025-04-22,65,M,Clothing,5,20.19,100.95,Google Pay,2
TX101155,CUST1171,2025-02-26,120,Mlae,ELECTRONICS,5,351.81,1759.05,Cash,5
TX100982,CUST1008,2025-01-31,69,Male,CLOTHING,1,81.98,81.98,CASH,5
TX101091,CUST1127,2025-01-27,69,F,Books,3,25.2,75.6,Cash,3
TX100806,CUST1022,2025-04-18,25,M,Elec,4,626.97,2507.88,Credit Card,4
TX100839,CUST1065,2025-10-01,66,,BEAUTY,nan,,0.0,debit card,0
TX100020,CUST1084,2025-07-26,60,?,Home & Kitch,1,147.19,147.19,debit card,2
TX100454,CUST1063,18/04/2025,62,Female,Book,1,34.82,,Debit Card,1
TX101102,CUST1108,nan,18,m,BEAUTY,N/A,170.61,0.0,unknown,unknown
TX100408,CUST1044,01/04/2025,29,m,Cloth,2,99.01,297.03,credit card,1
TX100116,CUST1167,2026-05-14,62,F,Other,4,1452.29,5809.16,cash,5
TX100455,CUST1004,19/10/2025,26,O,Home & Kitch,1,139.74,,google pay,4
TX100315,CUST1126,,21,Female,unknown,3,246.05,738.15,cash,4
TX100554,CUST1080,2025-05-21,71,O,Elec,2,489.9,979.8,credit card,4
TX100906,CUST1005,2026-02-30,73,M,Elec,2,865.93,1731.86,unknown,5
TX101024,CUST1167,2026-03-31,,male,beauty,3,168.73,506.19,GPay,5
TX101106,CUST1078,2026-04-26,-12,O,Books,5,-10.0,-50.0,Cash,5
TX100932,CUST1090,"October 05, 2025",59,Other,Home & Kitchen,4,109.99,439.96,Cash,4
TX100769,CUST1140,2025-12-13,53,female,Elec,4,1216.94,,DC,1
TX100663,CUST1042,2026-04-27,40,female,Book,5,23.74,118.7,credit card,1
TX100238,CUST1051,2025-10-15,25,Femal,Book,2,19.43,48.86,DC,4
TX100267,CUST1148,2025-08-17,54,O,books,nan,49.56,0.0,Gpay,5
TX100649,CUST1017,2025-03-20,22,male,Beauty,4,129.15,516.6,credit card,1
TX101004,CUST1038,"August 26, 2025",37,other,BEAUTY,1,109.42,N/A,cash,1
TX100100,CUST1115,2026-03-22,NaN,Female,beauty,2,168.29,504.87,CASH,2
TX101099,CUST1114,2025-06-15,30,Male,Book,,35.3,0.0,N/A,2
TX100322,CUST1048,2025-10-23,47,other,books,1,28.5,28.5,debit card,1
TX100533,CUST1097,2026-03-23,49,O,Clothing,N/A,92.44,0.0,gpay,3
TX100608,CUST1043,2025-07-11,72,Other,beauty,3,nan,nan,cash,2
TX100013,CUST1021,2025-08-03,34,O,Books,3,-10.0,-30.0,Credit Card,5
TX100303,CUST1023,2025-03-15,120,O,books,100,12.87,1287.0,gpay,3
TX100150,CUST1181,2026-04-28,38,m,books,5,0.0,0.0,Google Pay,3
TX100696,CUST1056,2025-06-10,75,O,nan,1,689.32,689.32,Cash,4
TX100368,CUST1170,2025-06-14,19,?,ELECTRONICS,1,1015.61,N/A,CASH,1
TX100057,CUST1030,2026-01-26,53,,Home & Kitchen,3,415.87,1247.61,Cash,1
TX100587,CUST1047,2025-04-10,37,O,Home,2,155.84,311.68,google pay,3
TX100803,CUST1187,2026-02-09,20,Femal,books,5,24.73,123.65,DC,2
TX100994,CUST1148,2025-11-07,120,f,Electronics,2,415.15,830.3,credit card,-1
TX100832,CUST1070,2026-02-30,57,f,unknown,5,9999.99,74999.92,cash,10
TX100643,CUST1085,unknown,27,N/A,home & kitchen,4,221.66,886.64,gpay,1
TX100844,CUST1168,"October 05, 2025",42,,Clothing,2,45.75,nan,Gpay,3
TX100227,CUST1166,20/03/2025,32,other,books,4,21.12,nan,DC,2
TX100723,CUST1022,2025-07-02,52,,Beauty,,36.0,N/A,Debit Card,4
TX100393,CUST1032,2025-07-08,38,male,ELECTRONICS,4,584.11,nan,Debit Card,2
TX101176,CUST1045,2025-04-19,23,male,home & kitchen,4,276.15,1104.6,CC,4
TX100242,CUST1144,2026-04-20,N/A,F,home & kitchen,2,nan,N/A,Cash,nan
TX101027,CUST1148,"April 25, 2025",36,F,Elec,,1117.32,10.0,DC,5
TX100131,CUST1110,2025-12-02,22,Mlae,Electronics,1,1482.47,1482.47,Cash,1
TX100873,CUST1079,"October 25, 2025",43,F,Elec,3,1246.09,3738.27,Debit Card,-1
TX100055,CUST1168,"November 30, 2025",74,f,electronic,3,573.97,860.96,Credit Card,3
TX100786,CUST1036,2025-06-30,26,other,Books,2,9999.99,29999.97,Debit Card,3
TX100704,CUST1096,nan,36,other,Books,2,18.97,37.94,Debit Card,2
TX100403,CUST1006,"January 26, 2026",37,Mlae,Home & Kitch,4,138.2,552.8,Cash,2
TX100415,CUST1168,2025-11-25,34,Male,Beauty,1,117.99,117.99,CREDIT CARD,5
TX100799,CUST1118,2025-12-18,31,?,,2,9999.99,19999.98,GPay,3
TX100946,CUST1006,2025-08-16,44,Female,BEAUTY,1,115.99,115.99,cash,5
TX100348,CUST1155,2026-03-13,150,N/A,Cloth,1,83.38,83.38,CC,nan
TX100257,CUST1173,2025-09-03,74,O,books,5,18.47,102.35,google pay,3
TX101125,CUST1118,"September 19, 2025",73,male,Books,4,15.63,62.52,GPay,3
TX100291,CUST1126,2026-03-18,18,Other,books,5,-10.0,-50.0,CASH,1
TX100622,CUST1144,2025-11-29,-12,Female,Other,1,1076.15,1076.15,unknown,4
TX100627,CUST1181,2026-03-10,19,Other,home & kitchen,2,271.7,543.4,google pay,10
TX100249,CUST1024,2026-01-05,75,m,Books,5,45.35,,GPay,4
TX100953,CUST1096,2025-03-26,26,Femal,Books,4,39.57,,Debit Card,3
TX100149,CUST1126,2025-01-20,51,Femal,clothing,3,16.55,49.65,CREDIT CARD,nan
TX101044,CUST1098,2026-03-13,NaN,Other,Home & Kitch,4,376.46,752.92,google pay,3
TX101183,CUST1021,2025-12-10,45,F,Books,5,12.21,61.05,CC,5
TX100983,CUST1121,2026-03-29,25,female,Home & Kitch,4,63.27,,CC,2
TX100093,CUST1105,2025-12-01,36,Other,Elec,1,1371.58,,,nan
TX101195,CUST1164,nan,0,O,Home & Kitchen,2,78.32,156.64,Gpay,1
TX100515,CUST1027,2025-01-28,NULL,M,Beauty,5,48.47,,Google Pay,4
TX100911,CUST1121,12/04/2025,NULL,f,BEAUTY,5,141.62,708.1,CASH,3
TX101122,CUST1054,2025-09-16,51,Male,Books,5,22.96,114.8,CREDIT CARD,5
TX100756,CUST1151,2025-06-11,27,Male,books,1,29.5,29.5,Google Pay,4
TX100691,CUST1001,nan,53,Femal,clothing,4,79.09,316.36,Debit Card,1
TX100258,CUST1017,"May 12, 2026",42,Mlae,Clothing,3,87.58,262.74,Cash,3
TX100562,CUST1103,2026-01-31,73,Femal,books,5,6.21,31.05,debit card,1
TX100640,CUST1119,2025-07-06,51,M,beauty,500,173.59,86795.0,Cash,5
TX101109,CUST1026,nan,44,N/A,beauty,3,178.59,267.88,cash,1
TX100916,CUST1095,2025-06-22,-12,Male,beauty,4,186.35,745.4,credit card,6
TX100766,CUST1038,2025-06-19,74,Other,nan,2,455.76,1367.28,CC,1
TX100129,CUST1017,2026-02-12,31,female,Beauty,4,159.35,637.4,Cash,2
TX100147,CUST1183,03/07/2025,54,female,Home,3,NULL,0.0,gpay,2
TX100955,CUST1086,2026-01-09,73,Male,Books,1,46.87,46.87,Google Pay,4
TX100034,CUST1039,2025-03-18,53,other,CLOTHING,4,42.71,170.84,Credit Card,
TX100725,CUST1010,2025-08-20,60,N/A,electronic,1,218.44,218.44,Google Pay,5
TX100319,CUST1079,2025-02-28,47,Femal,Book,4,nan,nan,CC,2
TX100768,CUST1036,2025-12-03,36,f,Elec,500,922.81,461405.0,Google Pay,3
TX100957,CUST1084,2025-09-08,39,,Beauty,4,66.99,267.96,Debit Card,5
TX100447,CUST1046,2026-02-23,22,f,Beauty,1,123.83,123.83,credit card,1
TX100076,CUST1140,2025-05-31,37,O,Book,3,32.67,98.01,Credit Card,4
TX100345,CUST1124,2025-11-29,72,Male,Books,1,9999.99,9999.99,unknown,4
TX100241,CUST1018,2025-07-18,120,male,Books,N/A,48.95,0.0,credit card,4
TX100979,CUST1163,18/04/2026,47,other,CLOTHING,N/A,54.76,0.0,unknown,2
TX100740,CUST1139,2025-03-27,71,m,Electronics,2,1388.72,2777.44,debit card,2
TX100601,CUST1079,unknown,19,Female,Elec,-1,818.42,-818.42,Credit Card,2
TX100086,CUST1014,2025-10-19,42,O,BEAUTY,2,195.22,390.44,Debit Card,5
TX100240,CUST1085,2025-04-18,66,Femal,Clothing,5,14.78,73.9,Debit Card,1
TX100752,CUST1128,2026-03-27,30,m,Clothing,4,78.1,312.4,debit card,1
TX100061,CUST1075,2026-02-30,57,O,Elec,4,795.46,3181.84,Debit Card,1
TX100015,CUST1054,2026-01-03,0,Male,Home & Kitchen,2,292.14,584.28,CASH,1
TX100871,CUST1025,2026-05-05,75,O,clothing,3,26.12,78.36,CASH,
TX100744,CUST1072,2025-06-11,67,m,beauty,500,30.15,7537.5,CC,5
TX100893,CUST1107,23/02/2026,-12,m,CLOTHING,1,13.3,13.3,Debit Card,1
TX100524,CUST1014,2025-11-07,35,O,Home,3,115.44,692.64,cash,5
TX100840,CUST1070,2025-08-17,28,Female,Elec,5,391.82,nan,DC,4
TX100910,CUST1171,2026-01-26,55,Female,CLOTHING,4,85.97,,Gpay,2
TX100994,CUST1148,2025-11-07,120,f,Electronics,2,415.15,830.3,credit card,-1
TX100764,CUST1027,2025-12-08,70,Femal,electronic,2,1403.74,2807.48,Google Pay,5
TX100630,CUST1079,2025-09-12,71,male,BEAUTY,3,149.94,449.82,Gpay,
TX101063,CUST1118,2025-03-17,NaN,female,books,5,35.84,nan,Google Pay,2
TX100178,CUST1013,2025-09-17,33,Femal,Book,4,38.54,154.16,Credit Card,5
TX101096,CUST1049,12/03/2026,31,M,Book,2,0.0,0.0,cash,5
TX101153,CUST1109,,26,Femal,Clothing,nan,96.21,0.0,Cash,3
TX101017,CUST1196,2025-12-10,19,f,home & kitchen,4,218.83,875.32,Cash,5
TX100628,CUST1169,2025-10-08,53,male,Books,1,0.0,N/A,Credit Card,3
TX100820,CUST1192,,49,m,Home,2,346.55,693.1,DC,1
TX100384,CUST1110,2025-08-19,38,M,Home & Kitchen,1,143.12,143.12,Debit Card,1
TX100488,CUST1122,2025-12-05,53,F,beauty,1,92.74,92.74,Cash,4
TX100978,CUST1116,2025-08-25,19,O,Home & Kitchen,2,,N/A,CASH,1
TX100089,CUST1009,2025-10-21,44,Other,beauty,1,143.51,143.51,unknown,3
TX100144,CUST1008,2026-05-03,33,M,Elec,4,570.91,2283.64,Debit Card,1
TX100098,CUST1084,2026-03-14,55,O,Books,4,30.38,121.52,CC,1
TX100823,CUST1140,2026-04-21,28,female,CLOTHING,nan,58.14,0.0,DC,4
TX101034,CUST1015,2026-02-31,48,O,Electronics,5,1166.81,5834.05,cash,1
TX100453,CUST1135,23/10/2025,33,Male,Books,-1,46.01,,google pay,nan
TX100254,CUST1178,2026-03-17,62,Male,Beauty,5,nan,nan,DC,5
TX100205,CUST1175,2025-07-23,29,O,home & kitchen,4,335.07,1340.28,CASH,
TX100467,CUST1100,26/02/2026,22,other,Home & Kitchen,4,421.21,1684.84,cash,1
TX101170,CUST1011,2025-11-03,52,Male,electronic,0,379.03,0.0,CREDIT CARD,5
TX100111,CUST1046,2026-02-30,63,male,CLOTHING,5,46.49,232.45,N/A,3
TX100557,CUST1054,2025-06-25,35,male,Home & Kitchen,500,301.37,150685.0,DC,5
TX100191,CUST1143,2025-02-06,42,f,books,1,33.86,33.86,CREDIT CARD,0
TX100486,CUST1091,2025-10-13,-5,Female,CLOTHING,2,63.64,N/A,debit card,2
TX100974,CUST1059,2025-10-31,44,m,Home & Kitchen,2,234.96,469.92,cash,3
TX100988,CUST1034,2025-02-13,65,Other,Cloth,2,40.65,81.3,credit card,5
TX100703,CUST1167,2026-02-11,32,N/A,books,2,25.85,51.7,N/A,6
TX100465,CUST1164,2025-04-20,42,f,nan,1,1429.91,1429.91,credit card,4
TX100226,CUST1004,2025-03-27,18,unknown,clothing,2,27.35,54.7,N/A,3
TX100741,CUST1007,2026-01-14,30,M,Cloth,2,24.59,49.18,GPay,2
TX100626,CUST1004,2025-01-03,54,M,beauty,2,195.35,390.7,DC,4
TX100991,CUST1061,2025-03-13,71,other,Beauty,5,160.67,803.35,CC,3
TX100937,CUST1038,2025-04-02,22,Mlae,Clothing,4,9999.99,39999.96,Credit Card,5
TX100970,CUST1016,2025-12-27,73,unknown,Home & Kitch,1,298.04,,Gpay,1
TX100637,CUST1082,2025-01-30,19,male,Clothing,1,51.93,N/A,GPay,1
TX101196,CUST1020,2025-02-25,68,other,Electronics,5,1105.95,5529.75,debit card,1
TX101000,CUST1067,2026-02-30,44,male,CLOTHING,2,NULL,0.0,cash,10
TX100238,CUST1051,2025-10-15,35,Femal,Book,2,19.43,38.86,DC,4
TX100603,CUST1051,2025-03-06,NaN,Other,Home & Kitchen,3,95.31,285.93,N/A,5
TX100042,CUST1147,16/07/2025,65,f,nan,1,nan,nan,Cash,4
TX100442,CUST1112,2025-02-04,,F,Beauty,2,150.22,300.44,credit card,5
TX100818,CUST1171,2025-08-28,59,Mlae,Beauty,5,153.4,767.0,CREDIT CARD,1
TX100915,CUST1165,"January 30, 2026",33,Mlae,Elec,4,1147.29,4589.16,Debit Card,4
TX100351,CUST1162,2025-03-02,63,O,Elec,3,1232.36,3697.08,,4
TX101163,CUST1031,2025-06-28,23,?,books,2,22.48,44.96,Gpay,4
TX100357,CUST1173,2025-03-13,38,male,CLOTHING,1,20.15,20.15,CREDIT CARD,4
TX100359,CUST1192,,44,Femal,Beauty,3,198.28,594.84,google pay,3
TX100568,CUST1156,"May 16, 2026",50,,Home & Kitch,2,428.41,856.82,Cash,5
TX100198,CUST1057,2026-01-25,20,O,Books,3,NULL,N/A,Google Pay,3
TX100542,CUST1037,2025-07-26,54,m,home & kitchen,1,154.83,154.83,google pay,5
TX100229,CUST1199,14/11/2025,52,Mlae,Beauty,3,86.68,260.04,credit card,1
TX100791,CUST1046,2025-08-22,NULL,other,Books,2,15.58,31.16,Cash,6
TX100814,CUST1142,2025-04-28,23,Femal,Electronics,3,682.69,2048.07,DC,1
TX100537,CUST1157,2025-06-18,,male,Beauty,5,48.41,484.1,Gpay,3
TX100694,CUST1105,2025-04-24,-12,M,books,4,25.08,nan,Cash,4
TX100114,CUST1143,2025-10-12,53,O,electronic,1,1092.77,546.38,Google Pay,3
TX100849,CUST1013,N/A,20,M,Electronics,5,591.19,2955.95,CASH,1
TX101185,CUST1097,24/02/2026,41,Female,clothing,1,13.18,13.18,google pay,5
TX100772,CUST1199,2025-04-01,46,Other,Home,3,22.32,66.96,GPay,4
TX100745,CUST1183,2026-01-13,32,Male,BEAUTY,2,111.49,222.98,debit card,2
TX100143,CUST1081,2025-07-28,21,Female,Home & Kitchen,3,79.52,367.84,debit card,2
TX100848,CUST1034,2026-04-09,46,M,Elec,N/A,996.11,0.0,gpay,5
TX100271,CUST1193,2026-02-03,57,Female,BEAUTY,1,181.49,181.49,CASH,4
TX100900,CUST1012,2025-09-19,25,M,Electronics,2,606.71,N/A,GPay,nan
TX100830,CUST1086,unknown,120,F,Beauty,1,175.62,175.62,cash,4
TX100367,CUST1073,2025-01-24,23,M,Home & Kitch,5,431.48,2157.4,DC,2
TX100698,CUST1013,nan,27,F,Home,2,394.24,788.48,Gpay,4
TX100171,CUST1005,2026-02-30,55,male,ELECTRONICS,3,1161.45,3484.35,Credit Card,1
TX100858,CUST1033,2025-01-02,150,other,Electronics,2,1389.5,2779.0,unknown,2
TX100811,CUST1072,2025-01-31,64,unknown,Beauty,2,32.28,64.56,debit card,2
TX100590,CUST1056,"November 13, 2025",33,O,unknown,,1176.22,0.0,DC,1
TX100754,CUST1048,2025-07-26,61,Male,Book,3,43.84,263.04,credit card,3
TX101026,CUST1116,2025-08-26,NULL,unknown,electronic,1,450.98,450.98,Gpay,10
TX100681,CUST1020,2025-04-12,65,m,Cloth,5,103.01,515.05,Credit Card,2
TX100115,CUST1078,2025-05-18,44,male,CLOTHING,2,60.36,120.72,cash,4
TX100787,CUST1048,2026-02-31,39,Other,Beauty,2,73.92,147.84,CC,1
TX101150,CUST1052,2026-02-31,NaN,f,books,4,47.79,191.16,Debit Card,nan
TX100931,CUST1128,nan,60,other,clothing,4,62.16,248.64,GPay,4
TX100776,CUST1013,2026-01-07,73,Other,,3,1492.49,4477.47,CC,1
TX101160,CUST1026,2025-04-16,48,Other,Elec,1,882.79,,unknown,0
TX101060,CUST1191,02/02/2026,62,other,ELECTRONICS,1,633.14,949.71,DC,1
TX100230,CUST1052,2025-02-24,71,Femal,beauty,2,124.34,124.34,CC,1
TX100881,CUST1016,2025-05-10,NaN,other,ELECTRONICS,nan,874.37,0.0,credit card,2
TX100272,CUST1091,2026-05-07,56,other,books,1,34.53,34.53,Cash,1
TX100702,CUST1033,2026-02-17,N/A,f,Home & Kitchen,2,341.39,682.78,CASH,2
TX100476,CUST1161,2025-02-09,150,male,Clothing,3,119.31,357.93,google pay,1
TX100819,CUST1082,2026-02-06,20,Femal,books,4,33.75,135.0,CC,5
TX101105,CUST1167,unknown,53,?,Electronics,4,666.67,1333.34,google pay,unknown
TX100762,CUST1019,2025-06-14,31,female,books,4,30.74,nan,google pay,5
TX100992,CUST1100,2025-05-06,71,N/A,CLOTHING,1,89.53,89.53,N/A,6
TX100215,CUST1122,2026-02-17,75,other,Book,5,7.15,35.75,debit card,1
TX100687,CUST1128,2026-01-31,53,Male,Book,3,18.66,55.98,CASH,5
TX100097,CUST1192,07/11/2025,0,M,Beauty,5,143.12,715.6,google pay,2
TX100595,CUST1087,2025-08-21,49,Femal,beauty,2,69.9,50.0,DC,2
TX100190,CUST1137,2025-01-04,31,Female,books,1,38.61,38.61,Credit Card,3
TX100854,CUST1111,"October 13, 2025",48,other,Beauty,3,162.15,486.45,cash,5
TX100352,CUST1088,2025-05-27,66,other,beauty,2,161.94,323.88,Debit Card,1
TX101007,CUST1077,2026-04-16,62,Mlae,beauty,1,177.85,,DC,1
TX101056,CUST1164,2025-06-15,26,m,beauty,1,112.65,112.65,Cash,1
TX100652,CUST1002,2025-12-02,21,Female,Books,4,5.54,22.16,DC,1
TX101112,CUST1160,nan,20,Female,Beauty,5,157.16,785.8,CC,5
TX100040,CUST1024,N/A,63,O,Book,5,11.51,57.55,GPay,4
TX100765,CUST1160,28/04/2026,42,O,BEAUTY,4,25.21,100.84,CASH,
TX100113,CUST1170,2025-07-14,63,F,CLOTHING,1,0.0,0.0,GPay,4
TX100921,CUST1094,2026-04-30,35,F,Home,2,241.34,482.68,credit card,5
TX100573,CUST1097,2025-11-07,25,M,books,2,23.82,47.64,CREDIT CARD,5
TX100344,CUST1102,2025-03-01,43,other,home & kitchen,4,365.02,1460.08,credit card,2
TX100009,CUST1059,2025-02-04,35,Mlae,BEAUTY,4,163.04,652.16,cash,1
TX100432,CUST1196,2025-09-26,50,m,clothing,nan,110.54,0.0,CREDIT CARD,3
TX100065,CUST1183,2025-02-13,46,?,Home & Kitch,3,310.32,930.96,Debit Card,4
TX100030,CUST1063,2026-01-20,19,F,home & kitchen,5,320.01,1600.05,,4
TX100757,CUST1165,"June 15, 2025",-5,unknown,Home & Kitch,5,388.39,1941.95,Credit Card,-1
TX101148,CUST1104,"July 09, 2025",66,male,Beauty,4,87.97,351.88,,5
TX100731,CUST1106,2026-04-12,74,female,Books,nan,31.58,0.0,credit card,1
TX100644,CUST1137,2026-04-12,48,F,nan,-1,1138.4,-1138.4,GPay,3
TX100354,CUST1003,2026-02-28,NULL,Mlae,BEAUTY,3,178.43,535.29,Debit Card,3
TX100810,CUST1109,2026-04-24,37,M,Home & Kitchen,2,,0.0,Google Pay,4
TX100896,CUST1072,"April 12, 2026",N/A,Femal,home & kitchen,1,0.0,,CREDIT CARD,4
TX100323,CUST1163,"April 15, 2025",34,m,Cloth,3,61.06,183.18,credit card,2
TX100926,CUST1017,2025-04-03,55,f,beauty,5,147.14,735.7,Google Pay,1
TX100146,CUST1071,2025-05-24,57,f,beauty,3,81.54,244.62,google pay,4
TX100502,CUST1048,2025-03-14,62,f,ELECTRONICS,3,598.96,1796.88,Cash,4
TX100845,CUST1004,2025-01-19,22,f,Home & Kitchen,3,445.17,1335.51,debit card,1
TX100290,CUST1070,2025-04-14,63,f,Home,5,83.2,218.0,GPay,5
TX100479,CUST1082,2025-11-15,40,Other,electronic,3,913.75,5482.5,Credit Card,3
TX101171,CUST1105,14/02/2026,53,Mlae,Beauty,2,153.15,612.6,credit card,5
TX101174,CUST1118,04/05/2025,75,female,Books,100,34.87,3487.0,Gpay,1
TX100829,CUST1029,2025-10-28,56,M,Elec,4,1343.77,2687.54,DC,4
TX100899,CUST1059,"December 25, 2025",29,f,clothing,2,56.55,113.1,Cash,10
TX100824,CUST1082,"August 31, 2025",30,male,Electronics,500,1338.67,669335.0,CASH,-1
TX101090,CUST1058,2025-09-21,25,O,Home,3,346.51,1039.53,Debit Card,5
TX101038,CUST1129,"October 07, 2025",61,Other,electronic,4,749.1,2996.4,gpay,-1
TX100469,CUST1129,2026-02-24,NULL,Femal,Home & Kitchen,100,201.35,20135.0,cash,4
TX100053,CUST1151,2025-06-15,44,Other,Home & Kitchen,2,426.26,852.52,debit card,1
TX100009,CUST1059,2025-02-04,35,Mlae,BEAUTY,4,163.04,652.16,cash,1
TX100699,CUST1043,2026-02-30,24,Mlae,books,2,-10.0,-20.0,Gpay,1
TX100925,CUST1083,2026-02-27,56,?,,5,356.54,1782.7,CASH,5
TX100263,CUST1179,2025-08-28,62,M,beauty,100,0.0,10.0,cash,4
TX100677,CUST1076,"March 03, 2025",22,m,unknown,5,464.32,2321.6,CASH,1
TX100951,CUST1100,2025-05-30,70,other,Home & Kitch,1,233.65,233.65,CC,1
TX101027,CUST1148,"April 25, 2025",35,F,Elec,,1117.32,0.0,DC,5
TX100611,CUST1121,2025-04-29,65,Male,home & kitchen,-1,180.95,-180.95,Google Pay,2
TX100710,CUST1015,2025-08-12,19,Female,Book,100,31.48,nan,Gpay,3
TX100904,CUST1045,2025-07-25,43,O,Books,3,40.58,121.74,GPay,4
TX100062,CUST1136,19/09/2025,70,M,Home,2,345.69,691.38,cash,5
TX100327,CUST1080,,33,Female,Book,2,18.38,36.76,DC,1
TX100798,CUST1147,2026-04-28,70,other,Beauty,4,18.19,72.76,N/A,1
TX100025,CUST1138,18/01/2026,150,f,Home & Kitch,4,NULL,0.0,Credit Card,2
TX100365,CUST1119,2025-10-11,32,,BEAUTY,5,133.1,665.5,gpay,2
TX100936,CUST1128,2025-08-15,66,O,Home & Kitch,1,274.17,284.17,credit card,4
TX100976,CUST1052,2025-06-06,22,Mlae,Home,2,191.05,382.1,credit card,5
TX100346,CUST1150,2025-05-05,21,m,unknown,5,,0.0,Cash,5
TX101011,CUST1129,2025-01-17,36,M,Cloth,,52.98,0.0,CASH,4
TX100795,CUST1134,2025-09-26,63,F,books,100,11.74,1174.0,Gpay,1
TX100441,CUST1050,2025-12-27,N/A,F,Clothing,4,70.55,N/A,unknown,1
TX100727,CUST1020,2026-05-15,37,male,Elec,500,907.33,453665.0,unknown,1
TX100308,CUST1030,2026-02-24,62,Femal,Home,1,338.84,338.84,Gpay,2
TX100258,CUST1017,"May 12, 2026",42,Mlae,Clothing,3,87.58,262.74,Cash,3
TX100665,CUST1127,2025-01-13,20,M,Books,1,31.17,,google pay,5
TX100673,CUST1083,2026-01-12,41,female,books,3,48.26,144.78,DC,5
TX100224,CUST1085,2025-02-11,52,male,Electronics,N/A,388.46,0.0,credit card,1
TX101056,CUST1164,2025-06-15,26,m,beauty,1,112.65,112.65,Cash,1
TX100625,CUST1182,2025-08-09,30,other,Books,1,44.57,44.57,credit card,5
TX100419,CUST1194,2025-07-20,62,unknown,Home & Kitchen,3,214.03,642.09,Debit Card,2
TX100137,CUST1180,2026-02-31,26,Female,electronic,3,795.3,4771.8,CASH,4
TX101059,CUST1176,2025-11-24,67,f,books,5,20.3,101.5,Gpay,5
TX100250,CUST1163,05/07/2025,50,m,Elec,500,1309.53,654765.0,CC,4
TX100943,CUST1127,2025-07-17,64,Other,BEAUTY,3,55.49,166.47,Cash,5
TX100986,CUST1092,2025-10-27,24,Other,BEAUTY,-1,40.78,N/A,cash,4
TX100521,CUST1082,2025-01-22,N/A,,Home & Kitchen,3,62.49,187.47,Gpay,4
TX100901,CUST1171,unknown,34,F,Home,2,,0.0,CREDIT CARD,2
TX100483,CUST1193,2025-06-27,57,f,electronic,-1,63.35,-63.35,DC,2
TX101093,CUST1020,2025-04-18,34,female,Home,3,nan,nan,Cash,1
TX100615,CUST1172,2026-04-10,39,Female,home & kitchen,3,nan,nan,CASH,nan
TX100485,CUST1150,2025-08-24,55,f,BEAUTY,4,nan,nan,CREDIT CARD,1
TX101095,CUST1102,2025-10-08,29,unknown,electronic,1,1212.45,1212.45,debit card,2
TX100767,CUST1143,2025-08-31,44,,Cloth,2,67.2,134.4,DC,5
TX100948,CUST1137,2025-01-15,28,O,Home,1,86.35,86.35,DC,1
TX100158,CUST1011,2025-08-05,NaN,female,Electronics,4,837.04,3348.16,CC,2
TX100193,CUST1003,2025-10-11,66,Other,Home,5,76.97,394.85,credit card,5
TX100321,CUST1018,2025-10-18,22,Femal,books,2,23.64,47.28,GPay,5
TX100531,CUST1110,2026-01-10,25,m,Book,2,49.69,99.38,credit card,3
TX100307,CUST1176,2025-12-24,70,Mlae,Book,2,9.61,19.22,CC,1
TX100489,CUST1046,2025-11-01,24,Other,nan,1,871.34,871.34,cash,2
TX100966,CUST1199,2025-02-11,,Femal,Elec,4,712.66,2850.64,cash,2
TX100444,CUST1061,2025-05-30,74,M,nan,1,980.0,1480.0,DC,5
TX100018,CUST1103,2025-06-18,46,Femal,Electronics,3,nan,50.0,DC,4
TX101134,CUST1099,2025-12-29,42,Mlae,Book,1,NULL,0.0,GPay,2
TX100164,CUST1071,2025-08-05,47,other,Electronics,3,850.96,2552.88,Cash,3
TX100646,CUST1075,2025-12-31,19,O,Other,2,,0.0,credit card,3
TX100770,CUST1065,2026-03-08,33,Femal,Electronics,2,728.06,1456.12,CASH,4
TX100561,CUST1112,2025-02-16,67,F,books,2,46.08,N/A,CC,2
TX100671,CUST1008,"January 20, 2025",18,Male,Other,4,319.99,1279.96,,4
TX100362,CUST1022,2025-04-09,54,Femal,Elec,nan,1184.4,0.0,Cash,5
TX100852,CUST1112,2025-08-10,18,unknown,Home & Kitchen,2,444.25,888.5,CASH,5
TX101131,CUST1161,2026-01-14,42,F,Book,4,12.95,51.8,DC,4
TX100576,CUST1045,2025-08-30,22,Mlae,CLOTHING,,117.01,0.0,Debit Card,1
TX100323,CUST1163,"April 15, 2025",34,m,Cloth,3,61.06,183.18,credit card,2
TX100763,CUST1068,2025-05-29,53,O,home & kitchen,5,335.45,1677.25,DC,1
TX100519,CUST1069,2025-12-04,18,other,Home,1,206.36,309.54,Google Pay,1
TX100275,CUST1122,"May 15, 2025",69,O,,5,0.0,0.0,debit card,1
TX101157,CUST1012,27/02/2026,64,m,Clothing,3,109.96,329.88,N/A,5
TX100204,CUST1105,12/05/2025,54,Other,clothing,1,27.03,27.03,CASH,3
TX100527,CUST1100,2026-04-08,33,male,Home & Kitchen,,0.0,0.0,cash,2
TX100363,CUST1083,2025-07-25,N/A,Female,Home & Kitch,1,441.21,441.21,credit card,4
TX100429,CUST1047,2026-02-31,26,other,Cloth,3,15.82,94.92,CASH,4
TX100679,CUST1024,"February 12, 2025",24,O,Books,5,39.97,199.85,credit card,1
TX100550,CUST1167,"June 28, 2025",120,Mlae,CLOTHING,1,31.54,31.54,Debit Card,6
TX100958,CUST1188,2026-01-16,47,O,beauty,3,170.7,512.1,credit card,5
TX100440,CUST1094,2025-06-21,53,male,home & kitchen,3,106.36,,Credit Card,2
TX100672,CUST1001,2025-11-29,0,unknown,electronic,5,563.6,2818.0,DC,2
TX100787,CUST1048,2026-02-31,39,Other,Beauty,2,73.92,147.84,CC,1
TX101080,CUST1013,2025-11-28,18,male,Home & Kitchen,1,447.59,895.18,GPay,1
TX100068,CUST1034,2025-11-02,67,m,Home,N/A,138.94,0.0,debit card,-1
TX100523,CUST1055,18/02/2026,68,F,Beauty,2,,0.0,CASH,5
TX100339,CUST1165,2025-05-25,56,female,Books,2,12.33,24.66,GPay,4
TX100760,CUST1056,2025-11-07,35,Female,electronic,5,622.73,N/A,Debit Card,4
TX100225,CUST1134,2025-12-07,N/A,Other,BEAUTY,4,130.6,N/A,credit card,3
TX100382,CUST1054,2026-01-08,22,Femal,beauty,3,108.89,490.0,CASH,0
TX100260,CUST1174,2025-03-09,73,male,,1,172.59,172.59,DC,6
TX101156,CUST1008,28/02/2025,48,Male,clothing,,62.39,50.0,DC,3
TX100662,CUST1141,2025-01-14,38,male,Beauty,1,146.77,146.77,,5
TX100371,CUST1033,2025-05-13,68,Other,Other,4,22.89,91.56,debit card,4
TX100214,CUST1109,18/04/2025,43,Mlae,BEAUTY,1,146.4,146.4,gpay,2
TX100505,CUST1149,"June 28, 2025",19,M,ELECTRONICS,100,499.02,49902.0,GPay,-1
TX100556,CUST1067,2025-12-24,41,other,Clothing,500,52.42,26210.0,DC,3
TX100961,CUST1092,2025-08-06,42,O,Books,4,31.5,126.0,Cash,5
TX100738,CUST1092,2025-08-30,53,Male,Cloth,1,32.55,16.27,CASH,2
TX100883,CUST1051,2025-01-02,56,f,books,5,15.09,75.45,CC,1
TX100262,CUST1139,2025-08-16,-5,Male,CLOTHING,3,46.56,139.68,CC,1
TX100962,CUST1066,31/03/2026,75,other,Electronics,5,901.45,4507.25,Gpay,1
TX100695,CUST1158,2026-01-20,74,Femal,ELECTRONICS,4,1260.56,5042.24,Cash,2
TX100928,CUST1154,2025-03-19,34,Mlae,ELECTRONICS,2,230.32,460.64,google pay,2
TX100377,CUST1003,2025-09-23,50,Other,Cloth,2,96.38,192.76,CASH,5
TX100612,CUST1134,2025-02-22,41,O,Book,1,43.93,43.93,DC,4
TX100680,CUST1130,2025-08-16,54,other,Home & Kitchen,4,90.65,,debit card,2
TX100881,CUST1016,2025-05-10,NaN,other,ELECTRONICS,nan,874.37,0.0,credit card,2
TX100313,CUST1049,"March 15, 2026",61,m,Book,1,10.36,10.36,N/A,-1
TX100288,CUST1073,2025-04-18,38,Male,nan,1,737.89,50.0,debit card,3
TX100781,CUST1084,18/10/2025,N/A,other,Beauty,,179.3,0.0,google pay,5
TX100880,CUST1149,2025-09-03,74,Male,nan,4,260.52,1042.08,gpay,2
TX100095,CUST1004,2026-01-13,30,O,beauty,1,43.48,43.48,debit card,3
TX100707,CUST1054,"January 01, 2025",48,m,CLOTHING,4,99.29,397.16,cash,5
TX100801,CUST1075,2025-05-07,0,Femal,Elec,5,1240.81,6204.05,Google Pay,1
TX100507,CUST1174,27/05/2025,51,Male,Elec,2,1342.07,2684.14,CREDIT CARD,5
TX100335,CUST1192,unknown,66,N/A,clothing,4,94.0,N/A,Cash,1
TX101064,CUST1004,2025-10-13,57,M,unknown,3,435.3,nan,Gpay,5
TX100950,CUST1142,2025-06-27,46,Male,electronic,4,170.7,682.8,GPay,6
TX100296,CUST1049,2026-04-02,120,,Home & Kitchen,4,80.47,160.94,Google Pay,4
TX100651,CUST1021,2025-04-01,30,Other,Home,5,144.07,720.35,debit card,5
TX100753,CUST1063,27/03/2026,64,F,Home & Kitchen,1,372.59,558.88,debit card,1
TX101113,CUST1122,"November 02, 2025",54,male,clothing,3,52.82,158.46,CC,4
TX100245,CUST1187,2026-02-31,65,N/A,Clothing,1,93.87,93.87,google pay,1
TX100373,CUST1020,2026-04-15,58,m,electronic,2,179.6,359.2,DC,1
TX100463,CUST1130,"August 19, 2025",57,,Clothing,1,41.97,41.97,cash,3
TX100588,CUST1133,31/08/2025,35,f,Other,3,513.91,1541.73,CASH,4
TX100719,CUST1119,2026-04-14,55,female,Elec,5,396.13,1980.65,Cash,4
TX100266,CUST1046,2025-06-07,56,female,Electronics,2,9999.99,,CASH,5
TX100927,CUST1048,2025-02-21,51,Other,Home & Kitch,5,-10.0,-50.0,cash,2
TX100434,CUST1111,2025-09-09,150,Female,Home,3,145.19,435.57,CC,4
TX100944,CUST1178,2025-02-26,-12,female,Clothing,N/A,26.57,0.0,unknown,2
TX100667,CUST1100,N/A,54,F,home & kitchen,2,261.58,523.16,Debit Card,2
TX100395,CUST1174,2025-05-20,20,Other,Electronics,3,677.1,2031.3,gpay,2
TX101154,CUST1037,2026-01-19,62,F,Clothing,5,104.66,,DC,1
TX101159,CUST1075,15/03/2025,75,female,Clothing,2,18.22,36.44,,5
TX100268,CUST1014,"January 01, 2025",73,M,beauty,4,85.96,343.84,gpay,3
TX100140,CUST1075,2025-10-16,55,?,Beauty,4,12.59,50.36,CREDIT CARD,4
TX100021,CUST1131,2025-08-31,60,Female,clothing,2,26.21,104.84,CC,5
TX100991,CUST1061,2025-03-13,72,other,Beauty,5,160.67,813.35,CC,3
TX100885,CUST1125,2025-01-08,41,unknown,Book,,22.24,0.0,cash,3
TX100511,CUST1154,2026-01-14,26,Male,Beauty,4,99.7,,Credit Card,2
TX101145,CUST1025,2026-05-07,22,male,Cloth,2,35.06,70.12,credit card,5
TX101165,CUST1152,2025-11-18,60,?,beauty,2,94.06,188.12,Gpay,1
TX101147,CUST1092,2025-05-07,58,?,BEAUTY,3,42.05,126.15,CREDIT CARD,4
TX100173,CUST1128,12/04/2025,30,female,beauty,100,71.48,7148.0,Cash,unknown
TX100394,CUST1084,2025-12-10,53,O,Home,1,279.04,279.04,GPay,1
TX100017,CUST1106,nan,73,male,ELECTRONICS,4,349.2,1396.8,gpay,2
TX100923,CUST1045,2025-05-23,75,Mlae,Home & Kitch,1,109.3,54.65,debit card,5
TX100650,CUST1048,2025-02-16,32,Other,Beauty,2,143.98,287.96,CC,1
TX100122,CUST1048,2025-07-07,73,O,beauty,3,75.58,226.74,DC,2
TX100216,CUST1116,2026-01-17,69,m,Beauty,5,41.51,207.55,CASH,1
TX100620,CUST1050,2025-07-31,54,female,home & kitchen,3,0.0,0.0,Gpay,2
TX100418,CUST1040,"February 28, 2026",NaN,M,Book,N/A,46.06,0.0,CASH,3
TX101053,CUST1086,2025-01-21,42,male,Books,1,15.26,15.26,gpay,4
TX100233,CUST1096,"July 31, 2025",33,m,home & kitchen,nan,432.52,0.0,credit card,nan
TX100166,CUST1182,20/10/2025,52,female,Cloth,4,24.07,,unknown,2
TX100892,CUST1115,,35,Femal,Other,1,1401.03,2101.55,gpay,2
TX100153,CUST1167,2026-01-24,72,male,Electronics,4,258.14,516.28,CASH,2
TX100353,CUST1184,2026-02-17,67,m,Clothing,N/A,97.9,0.0,DC,3
TX100616,CUST1197,2026-02-11,120,F,electronic,5,1114.99,5574.95,Credit Card,3
TX100659,CUST1198,2025-05-22,48,Other,beauty,3,191.68,575.04,gpay,unknown
TX100678,CUST1174,2025-09-09,62,Femal,books,3,47.71,214.69,Cash,5
TX101022,CUST1108,2026-01-16,150,,Home & Kitch,4,232.58,930.32,Debit Card,1
TX100024,CUST1178,2025-03-20,52,M,books,-1,43.55,-43.55,debit card,4
TX101141,CUST1024,2026-04-26,44,Male,Beauty,1,16.7,16.7,Debit Card,4
TX100930,CUST1079,2025-09-15,39,Female,electronic,4,1153.61,4614.44,Debit Card,4
TX100176,CUST1124,2026-02-15,67,M,Books,4,7.07,28.28,Gpay,5
TX100282,CUST1189,2025-04-08,55,Female,Home & Kitch,4,435.46,1741.84,CC,5
TX100506,CUST1187,2026-02-30,34,Other,Home & Kitchen,0,61.83,0.0,gpay,4
TX100037,CUST1189,2025-06-15,61,other,Other,2,716.34,716.34,unknown,4
TX100641,CUST1167,"August 20, 2025",57,M,CLOTHING,100,29.83,2983.0,Gpay,unknown
TX100888,CUST1176,2025-11-13,58,Female,BEAUTY,2,46.59,93.18,debit card,
TX100401,CUST1083,2025-04-04,-5,,Cloth,2,75.19,75.19,CASH,2
TX100520,CUST1071,2026-04-05,29,female,Cloth,2,105.84,211.68,google pay,5
TX101003,CUST1065,2025-11-06,54,m,home & kitchen,1,348.39,348.39,google pay,5
TX100066,CUST1073,2025-05-10,-12,other,home & kitchen,N/A,303.03,0.0,CASH,2
TX100014,CUST1068,2025-03-09,36,other,Beauty,5,65.48,163.7,credit card,5
TX100649,CUST1017,2025-03-20,22,male,Beauty,4,129.15,516.6,credit card,1
TX101084,CUST1086,2025-10-03,28,M,ELECTRONICS,4,1202.11,4808.44,google pay,0
TX100154,CUST1156,2026-04-01,30,other,Other,3,371.57,1114.71,GPay,4
TX100749,CUST1081,2025-07-14,20,male,Book,1,21.27,21.27,credit card,3
TX100105,CUST1078,,66,Mlae,Books,3,22.13,66.39,cash,4
TX100127,CUST1072,2025-11-02,36,other,CLOTHING,0,105.38,,Debit Card,4
TX100877,CUST1118,2025-07-09,47,other,Books,3,42.88,128.64,Google Pay,2
TX100201,CUST1047,2026-02-30,120,?,Book,4,32.04,,Debit Card,3
TX100604,CUST1148,"March 29, 2026",41,other,,4,955.18,1910.36,credit card,3
TX100145,CUST1051,"April 08, 2026",72,Female,Books,5,24.49,122.45,Cash,2
TX100903,CUST1063,2025-02-04,61,Female,ELECTRONICS,2,-10.0,-20.0,Credit Card,4
TX101061,CUST1088,2026-03-29,75,,Home,500,55.52,13880.0,credit card,3
TX100658,CUST1182,"October 31, 2025",54,male,ELECTRONICS,5,496.05,2480.25,Debit Card,2
TX100239,CUST1160,N/A,41,Other,Elec,-3,1305.75,-3917.25,CREDIT CARD,1
TX100642,CUST1145,2026-01-29,30,f,CLOTHING,5,68.36,341.8,Credit Card,1
TX101028,CUST1084,2025-02-25,26,m,Elec,1,1236.92,1236.92,Cash,4
TX100984,CUST1105,2025-01-28,72,M,ELECTRONICS,3,0.0,0.0,CREDIT CARD,4
TX101139,CUST1071,2025-07-13,48,M,electronic,5,697.82,3489.1,credit card,1
TX100358,CUST1151,2025-10-14,49,f,Books,2,26.81,107.24,credit card,1
TX100504,CUST1132,2025-02-02,54,Other,Home & Kitch,4,178.79,715.16,Debit Card,5
TX101086,CUST1100,2025-07-28,62,Female,Elec,1,1115.0,1115.0,Cash,4
TX100575,CUST1159,2025-04-25,NULL,N/A,CLOTHING,3,12.5,37.5,gpay,2
TX100458,CUST1017,19/04/2025,53,M,BEAUTY,4,16.77,33.54,unknown,unknown
TX100959,CUST1056,04/08/2025,33,other,unknown,500,722.16,361080.0,CREDIT CARD,4
TX100186,CUST1052,2025-11-14,63,other,Cloth,2,118.18,472.72,Cash,5
TX100654,CUST1116,20/03/2025,19,f,nan,1,662.88,331.44,gpay,4
TX100721,CUST1046,2025-10-07,39,Female,Home,3,-10.0,-30.0,debit card,unknown
TX100609,CUST1185,2026-04-26,60,other,Electronics,2,232.81,465.62,Google Pay,4
TX100277,CUST1065,2025-04-09,56,Mlae,Electronics,2,576.42,1152.84,GPay,3
TX100269,CUST1107,2025-03-20,22,m,Clothing,4,104.62,418.48,N/A,5
TX101018,CUST1119,"March 04, 2025",48,Other,Elec,3,474.21,1422.63,cash,3
TX100964,CUST1090,,21,m,books,1,41.9,41.9,Cash,3
TX100736,CUST1192,2025-07-26,-12,F,BEAUTY,5,184.99,462.48,CREDIT CARD,5
TX100005,CUST1037,16/05/2025,65,O,CLOTHING,1,104.72,104.72,CC,4
TX100045,CUST1159,N/A,58,Female,Book,2,9999.99,19999.98,N/A,3
TX100793,CUST1109,"May 09, 2026",71,Mlae,Beauty,N/A,90.2,0.0,Credit Card,3
TX100370,CUST1161,2025-06-05,41,Femal,CLOTHING,3,72.6,217.8,GPay,1
TX100668,CUST1086,2025-04-16,43,m,beauty,2,22.91,45.82,Credit Card,
TX100894,CUST1021,2025-07-08,0,M,Home,5,361.92,N/A,Cash,2
TX100058,CUST1024,2026-01-18,28,O,BEAUTY,1,37.87,37.87,CASH,5
TX100041,CUST1088,"April 24, 2026",37,other,CLOTHING,3,46.57,139.71,,
TX100439,CUST1016,2025-09-19,41,f,Elec,1,997.44,997.44,CC,4
TX100539,CUST1190,2026-03-25,64,O,BEAUTY,-1,149.29,-149.29,debit card,1
TX100316,CUST1126,2025-09-16,0,m,ELECTRONICS,4,674.98,2699.92,DC,4
TX101124,CUST1034,2025-04-23,42,M,BEAUTY,100,134.98,13498.0,Debit Card,3
TX101117,CUST1063,2026-02-31,59,O,Home,4,142.25,569.0,,4
TX100664,CUST1196,2026-04-12,53,other,Electronics,2,-10.0,-20.0,Cash,3
TX100083,CUST1063,2026-02-17,21,f,Home,3,334.38,501.57,CREDIT CARD,1
TX101073,CUST1076,2026-04-11,27,M,Clothing,4,119.27,238.54,DC,10
TX100546,CUST1178,2025-02-18,47,male,clothing,2,40.2,N/A,DC,3
TX100548,CUST1054,2025-03-28,69,M,electronic,1,222.72,222.72,DC,2
TX100096,CUST1085,2025-06-04,41,Male,CLOTHING,3,85.93,386.69,gpay,4
TX101130,CUST1101,08/05/2026,26,male,Home,,113.59,0.0,unknown,3
TX100360,CUST1073,21/04/2025,53,m,Home & Kitch,100,221.72,22172.0,cash,2
TX101127,CUST1020,"June 09, 2025",,male,CLOTHING,4,22.52,90.08,N/A,1
TX100889,CUST1094,2025-12-08,34,,Clothing,3,103.32,309.96,debit card,4
TX100361,CUST1187,2025-06-16,42,female,books,1,43.97,43.97,DC,5
TX100884,CUST1121,2025-06-02,-12,Other,electronic,5,1235.34,6176.7,credit card,10
TX100605,CUST1003,"October 20, 2025",73,O,CLOTHING,5,58.38,291.9,debit card,
TX100143,CUST1081,2025-07-28,46,Female,Home & Kitchen,3,79.52,357.84,debit card,2
TX100843,CUST1022,19/08/2025,33,other,CLOTHING,2,105.44,210.88,CC,1
TX100072,CUST1062,2025-08-03,71,,Beauty,3,90.41,271.23,CREDIT CARD,5
TX100586,CUST1064,2025-06-24,46,m,beauty,2,20.59,41.18,unknown,5
TX100956,CUST1198,2025-05-19,40,other,Home,3,89.09,267.27,CC,5
TX100597,CUST1109,unknown,74,Female,Books,2,22.12,44.24,CASH,1
TX100565,CUST1155,2026-02-18,39,Female,books,1,11.77,23.54,cash,3
TX100495,CUST1120,2026-02-30,36,Female,clothing,1,15.85,15.85,Credit Card,3
TX100338,CUST1083,2025-03-20,48,Femal,Home & Kitchen,4,156.34,625.36,N/A,1
TX100397,CUST1102,2026-04-26,38,female,CLOTHING,3,81.49,244.47,DC,1
TX100800,CUST1169,2026-03-14,53,male,Cloth,3,39.35,118.05,Cash,4
TX100989,CUST1136,2025-07-30,72,M,books,-3,43.98,-131.94,GPay,1
TX100112,CUST1014,"February 20, 2025",67,O,Other,3,1179.65,3538.95,cash,5
TX101110,CUST1099,2025-09-26,69,male,Home & Kitchen,3,126.08,378.24,debit card,5
TX100792,CUST1143,2026-02-19,67,f,home & kitchen,2,229.33,458.66,DC,5
TX100128,CUST1126,2025-03-14,46,m,home & kitchen,4,157.37,629.48,CASH,3
TX100298,CUST1044,2026-02-09,,f,nan,3,289.78,869.34,gpay,1
TX100728,CUST1047,"October 23, 2025",35,other,electronic,0,168.64,0.0,Cash,3
TX100941,CUST1055,,58,other,Books,1,16.15,8.07,credit card,5
TX101077,CUST1118,21/01/2025,72,N/A,Home & Kitchen,4,202.59,1215.54,Gpay,
TX101023,CUST1151,"December 27, 2025",27,F,CLOTHING,2,16.56,16.56,Credit Card,3
TX100031,CUST1126,2025-10-12,46,male,clothing,3,62.06,186.18,debit card,3
TX100325,CUST1036,01/05/2025,N/A,M,home & kitchen,4,365.54,731.08,gpay,nan
TX100959,CUST1056,04/08/2025,33,other,unknown,500,722.16,361080.0,CREDIT CARD,4
TX100459,CUST1050,2025-06-11,53,Femal,Clothing,4,62.46,259.84000000000003,Cash,0
TX100760,CUST1056,2025-11-07,35,Female,electronic,5,622.73,N/A,Debit Card,4
TX100379,CUST1053,2026-02-31,40,M,clothing,1,31.9,31.9,Gpay,2
TX101100,CUST1127,2025-08-19,NULL,other,unknown,3,1100.57,,Debit Card,1
TX100935,CUST1140,2026-02-31,-5,Mlae,BEAUTY,3,197.85,N/A,Cash,5
TX100193,CUST1003,2025-10-11,56,Other,Home,5,76.97,384.85,credit card,5
TX101123,CUST1140,2025-02-21,51,Other,Clothing,4,10.77,43.08,Credit Card,5
TX100563,CUST1157,2025-11-03,49,male,Home & Kitch,4,80.58,322.32,debit card,4
TX100026,CUST1119,2025-04-04,38,female,Book,4,5.87,35.22,Credit Card,2
TX100304,CUST1142,"September 09, 2025",37,O,Elec,4,203.78,815.12,GPay,3
TX100390,CUST1101,2025-03-22,22,M,Home & Kitch,4,84.07,336.28,cash,2
TX100508,CUST1128,"April 08, 2025",40,Other,Book,1,30.61,30.61,Cash,5
TX100857,CUST1069,2025-04-01,50,Female,home & kitchen,2,60.78,121.56,CREDIT CARD,5
TX100618,CUST1159,2025-12-23,74,F,beauty,4,0.0,0.0,unknown,nan
TX101193,CUST1004,2025-07-22,72,O,Electronics,,-10.0,N/A,DC,-1
TX101123,CUST1140,2025-02-21,51,Other,Clothing,4,10.77,43.08,Credit Card,5
TX100656,CUST1181,2025-09-02,49,f,Home,3,312.57,937.71,debit card,2
TX101048,CUST1011,2026-03-28,35,m,home & kitchen,3,361.32,1083.96,credit card,3
TX101173,CUST1179,29/01/2026,75,Femal,,3,1342.92,nan,Credit Card,4
TX100489,CUST1046,2025-11-01,24,Other,nan,1,871.34,871.34,cash,2
TX100638,CUST1006,2025-11-29,61,F,beauty,4,99.99,399.96,gpay,2
TX100350,CUST1198,"March 26, 2026",0,Male,unknown,1,1462.5,1462.5,Credit Card,2
TX100332,CUST1034,2025-08-09,64,F,Clothing,3,35.9,107.7,Cash,2
TX100139,CUST1107,2026-04-14,41,Other,Beauty,,176.38,0.0,CC,2
TX100109,CUST1046,2025-02-24,51,female,electronic,nan,,0.0,Credit Card,4
TX100549,CUST1144,2025-07-21,37,Femal,Beauty,N/A,168.05,N/A,DC,4
TX100580,CUST1146,21/11/2025,27,Other,Home & Kitch,2,27.18,54.36,debit card,5
TX100326,CUST1105,2025-05-11,25,f,Home,3,372.29,2233.74,credit card,4
TX100828,CUST1200,2025-04-24,32,F,unknown,5,678.86,3394.3,Credit Card,2
TX100248,CUST1063,2026-02-30,51,M,Book,3,25.76,77.28,Google Pay,4
TX100598,CUST1045,2025-09-17,31,Femal,Home & Kitch,1,362.91,362.91,Cash,4
TX101055,CUST1131,2025-11-28,39,m,CLOTHING,2,86.6,N/A,Cash,3
TX100299,CUST1082,2025-10-22,53,O,nan,5,1463.69,7318.45,Cash,nan
TX100475,CUST1022,2026-04-24,,Other,home & kitchen,1,48.66,24.33,Cash,4
TX100001,CUST1164,2025-02-27,65,other,Books,2,15.47,30.94,Cash,3
TX100624,CUST1188,10/04/2025,NaN,Female,ELECTRONICS,4,1211.27,4845.08,GPay,2
TX100551,CUST1129,2026-04-17,59,male,Electronics,4,1495.9,5983.6,Credit Card,5
TX100732,CUST1060,08/05/2025,26,N/A,,1,1248.36,1248.36,gpay,1
TX100914,CUST1058,2025-10-22,66,other,Cloth,3,65.06,195.18,google pay,5
TX101136,CUST1071,2026-02-21,28,Female,Book,3,11.31,,Google Pay,4
TX100617,CUST1160,12/09/2025,72,female,Home,nan,21.93,0.0,DC,4
TX100657,CUST1095,2025-10-17,33,F,Home & Kitch,5,163.23,816.15,DC,2
TX100939,CUST1051,2026-01-18,30,male,Home,5,406.13,2030.65,Google Pay,5
TX100564,CUST1175,"September 22, 2025",64,Female,CLOTHING,1,0.0,0.0,cash,1
TX100192,CUST1075,2026-02-07,46,Other,Beauty,4,160.98,643.92,DC,6
TX100174,CUST1020,N/A,36,Male,electronic,3,650.47,,gpay,4
TX100333,CUST1083,2026-05-14,63,O,Beauty,2,98.42,196.84,Credit Card,5
TX100837,CUST1067,2026-02-14,58,female,Electronics,3,913.4,1370.1,Cash,1
TX100405,CUST1131,2025-12-30,59,F,electronic,1,1052.26,1052.26,Gpay,5
TX100107,CUST1066,2026-01-26,40,F,beauty,5,9999.99,50009.95,Credit Card,2
TX100088,CUST1126,2025-12-29,39,Femal,ELECTRONICS,5,874.9,4374.5,Cash,2
TX100407,CUST1188,2025-07-30,67,male,books,2,41.74,83.48,CASH,4
TX100660,CUST1155,2025-03-03,0,F,books,1,18.42,18.42,Cash,2
TX100459,CUST1050,2025-06-11,61,Femal,Clothing,4,62.46,249.84,Cash,0
TX100200,CUST1184,2026-02-23,64,O,Beauty,4,12.31,49.24,credit card,3
TX100705,CUST1162,2025-09-24,57,O,Electronics,4,661.44,2645.76,credit card,10
TX100150,CUST1181,2026-04-28,21,m,books,5,0.0,10.0,Google Pay,3
TX100584,CUST1134,2025-06-05,55,Mlae,electronic,1,310.71,310.71,google pay,5
TX100012,CUST1015,2025-10-24,21,other,Beauty,1,122.25,122.25,google pay,5
TX101013,CUST1100,N/A,20,N/A,clothing,1,78.2,78.2,DC,1
TX100708,CUST1190,2025-06-19,61,other,Beauty,1,91.3,136.95,Cash,nan
TX100851,CUST1151,2025-06-11,64,m,Books,3,9999.99,29999.97,Debit Card,0
TX100528,CUST1188,2025-04-04,50,Mlae,Book,2,27.89,27.89,cash,5
TX100455,CUST1004,19/10/2025,26,O,Home & Kitch,1,139.74,,google pay,4
TX100446,CUST1053,"October 25, 2025",46,O,Books,4,13.33,53.32,Gpay,2
TX100443,CUST1099,2025-10-15,18,Mlae,beauty,5,57.7,288.5,credit card,5
TX100436,CUST1127,2026-02-14,67,other,unknown,1,1193.22,1193.22,GPay,3
TX100189,CUST1011,,52,Mlae,Home & Kitch,3,405.75,1217.25,,unknown
TX100163,CUST1042,2026-02-30,61,O,ELECTRONICS,-3,909.69,-2729.07,DC,unknown
TX101033,CUST1152,"August 07, 2025",42,other,clothing,1,27.79,37.79,cash,-1
TX101138,CUST1083,"January 02, 2025",64,male,Home & Kitch,2,247.05,494.1,gpay,3
TX101121,CUST1139,"November 16, 2025",47,Femal,books,5,18.61,93.05,Cash,5
TX100947,CUST1147,2025-05-26,69,O,Books,4,28.35,113.4,CC,5
TX100942,CUST1041,2025-04-13,52,Other,CLOTHING,1,68.12,136.24,,4
TX100016,CUST1177,2026-04-08,52,Male,electronic,2,1007.06,2024.12,gpay,2
TX100427,CUST1145,2025-12-03,70,f,Beauty,1,110.04,110.04,CREDIT CARD,6
TX100180,CUST1141,2025-09-25,150,other,electronic,2,198.7,397.4,Gpay,4
TX101083,CUST1125,2026-02-31,,Male,Beauty,3,174.21,522.63,Google Pay,1
TX100733,CUST1095,2025-06-16,46,Other,Home,2,0.0,0.0,Cash,1
TX100886,CUST1149,2025-05-27,45,male,Cloth,3,10.94,32.82,gpay,4
TX100484,CUST1044,unknown,52,,Electronics,3,131.06,393.18,DC,2
TX100838,CUST1045,2026-02-31,74,O,clothing,4,13.05,52.2,,5
TX100444,CUST1061,2025-05-30,-12,M,nan,1,980.0,1470.0,DC,5
TX100257,CUST1173,2025-09-03,27,O,books,5,18.47,92.35,google pay,3
TX100816,CUST1112,"April 04, 2025",46,Femal,Elec,1,,0.0,cash,4
TX101039,CUST1151,2025-10-29,57,?,BEAUTY,4,60.79,243.16,DC,2
TX101132,CUST1069,2026-01-15,39,M,ELECTRONICS,1,-10.0,-10.0,DC,1
TX100202,CUST1117,2025-11-02,24,other,Clothing,5,75.98,379.9,CC,5
TX100981,CUST1115,2025-12-22,,F,books,5,21.22,106.1,debit card,3
TX100018,CUST1103,2025-06-18,71,Femal,Electronics,3,nan,60.0,DC,4
TX100995,CUST1132,17/08/2025,NaN,unknown,beauty,1,103.4,155.1,DC,nan
TX100831,CUST1194,,26,other,BEAUTY,5,191.63,nan,GPay,4
TX100213,CUST1176,2026-02-31,18,m,home & kitchen,3,96.41,289.23,unknown,4
TX100059,CUST1114,01/08/2025,45,other,BEAUTY,2,83.89,167.78,gpay,3
TX100730,CUST1044,2026-01-13,61,Femal,CLOTHING,1,57.27,57.27,debit card,5
TX100836,CUST1084,2026-02-09,37,f,Home & Kitchen,3,,0.0,CC,3
TX100972,CUST1046,"September 24, 2025",70,Female,ELECTRONICS,nan,959.22,0.0,debit card,1
TX100477,CUST1050,2025-11-07,27,Female,electronic,1,0.0,0.0,CREDIT CARD,3
TX100865,CUST1082,unknown,26,female,Book,4,21.2,84.8,Cash,2
TX100287,CUST1143,2026-02-30,73,other,clothing,1,97.63,146.44,GPay,3
TX100632,CUST1177,unknown,NULL,f,Cloth,3,107.01,321.03,Debit Card,unknown
TX100256,CUST1144,2026-02-17,36,male,beauty,1,139.68,139.68,credit card,3
TX100194,CUST1014,2026-03-12,60,M,Book,2,9.5,28.5,DC,5
TX100286,CUST1073,02/08/2025,26,O,Books,500,36.13,18065.0,CREDIT CARD,1
TX101152,CUST1173,2026-04-30,0,O,Clothing,2,62.14,124.28,Credit Card,5
TX101032,CUST1087,26/05/2025,-12,other,beauty,2,127.77,255.54,Debit Card,2
TX100918,CUST1018,2025-05-14,62,F,clothing,2,42.63,,N/A,2
TX101129,CUST1186,"March 15, 2026",31,N/A,books,1,0.0,0.0,Google Pay,5
TX101019,CUST1129,2026-03-10,21,male,books,2,45.21,90.42,CC,3
TX100887,CUST1031,2025-02-15,60,O,Other,2,170.09,340.18,CC,unknown
TX100018,CUST1103,2025-06-18,40,Femal,Electronics,3,nan,nan,DC,4
TX100501,CUST1025,2025-05-07,46,male,Cloth,5,38.63,193.15,CC,1
TX100435,CUST1042,2025-03-13,73,M,CLOTHING,3,109.11,327.33,Debit Card,5
TX101075,CUST1040,23/01/2026,N/A,male,Home & Kitch,2,NULL,0.0,debit card,1
TX100075,CUST1168,19/06/2025,43,female,unknown,3,1387.98,N/A,CASH,
TX101061,CUST1088,2026-03-29,75,,Home,500,55.52,13880.0,credit card,3
TX100151,CUST1033,nan,0,O,nan,1,1406.3,1406.3,Debit Card,1
TX101092,CUST1017,2025-07-07,30,m,ELECTRONICS,1,487.73,487.73,Debit Card,3
TX100712,CUST1043,2026-04-03,,,Cloth,4,21.83,87.32,Debit Card,5
TX101108,CUST1160,18/05/2025,61,Mlae,Books,1,7.28,7.28,CC,1
TX100938,CUST1115,2025-03-20,N/A,Other,BEAUTY,5,11.82,59.1,GPay,3
TX100526,CUST1108,2025-09-16,-12,Female,Book,4,38.43,153.72,GPay,5
TX100143,CUST1081,2025-07-28,46,Female,Home & Kitchen,3,79.52,357.84,debit card,2
TX100621,CUST1138,2026-02-31,24,Other,Beauty,5,168.63,843.15,credit card,4
TX100089,CUST1009,2025-10-21,44,Other,beauty,1,143.51,143.51,unknown,3
TX100137,CUST1180,2026-02-31,26,Female,electronic,3,795.3,4771.8,CASH,4
TX101065,CUST1175,2026-02-25,65,other,clothing,5,12.04,30.1,GPay,3
TX100879,CUST1081,2025-10-19,63,Femal,electronic,100,811.77,81177.0,CASH,unknown
TX100281,CUST1015,2025-11-20,120,female,Clothing,N/A,31.01,N/A,Cash,10
TX100288,CUST1073,2025-04-18,66,Male,nan,1,737.89,N/A,debit card,3
TX100169,CUST1196,2026-02-04,43,f,Beauty,1,179.27,179.27,credit card,3
TX101049,CUST1198,2025-10-02,26,Other,Books,4,38.03,152.12,,2
TX100051,CUST1114,2025-08-16,N/A,O,Home,nan,54.88,0.0,,2
TX100349,CUST1078,2025-05-01,74,Other,Beauty,3,90.68,272.04,debit card,1
TX100807,CUST1027,2025-03-08,46,Femal,Cloth,-3,14.07,-42.21,credit card,3
TX100856,CUST1086,2025-09-19,63,Other,books,1,9.35,N/A,CC,10
TX101178,CUST1072,2025-01-11,74,Other,ELECTRONICS,2,908.35,1816.7,CASH,-1
TX100182,CUST1027,2025-07-18,74,other,Home & Kitch,nan,211.99,0.0,DC,3
TX100870,CUST1013,2026-02-30,,Other,Home,-3,201.36,-604.08,Credit Card,5
TX100855,CUST1061,2025-03-06,120,other,CLOTHING,1,70.86,141.72,GPay,3
TX101111,CUST1151,2025-11-10,72,Mlae,beauty,2,168.61,N/A,credit card,1
TX101197,CUST1073,2025-02-01,75,M,Clothing,2,62.5,125.0,Credit Card,4
TX100538,CUST1085,31/07/2025,,Other,Books,3,6.09,18.27,CC,2
TX101144,CUST1037,2025-01-10,-12,Other,clothing,3,,0.0,debit card,1
TX100472,CUST1173,,27,other,Home,nan,,0.0,CC,4
TX100104,CUST1063,2025-05-11,N/A,Other,books,1,44.31,44.31,Google Pay,3
TX100369,CUST1138,2025-01-16,70,O,Electronics,2,677.97,1355.94,Debit Card,5
TX100687,CUST1128,2026-01-31,53,Male,Book,3,18.66,55.98,CASH,5
TX100133,CUST1023,05/04/2026,42,female,clothing,2,70.87,141.74,CREDIT CARD,5
TX100571,CUST1100,2025-09-01,70,f,CLOTHING,1,82.68,82.68,Debit Card,5
TX100688,CUST1178,2025-10-14,26,m,,3,1402.56,4207.68,Debit Card,3
TX100473,CUST1187,2025-03-30,32,Mlae,beauty,3,168.77,506.31,CC,5
TX101079,CUST1010,06/11/2025,40,Other,electronic,4,405.65,1622.6,google pay,4
TX100356,CUST1029,2026-01-10,40,Other,BEAUTY,3,196.73,1180.38,Gpay,5
TX100092,CUST1070,2026-04-23,65,Male,Beauty,1,27.24,27.24,GPay,
TX101089,CUST1167,2026-02-27,52,m,Book,3,NULL,0.0,DC,3
TX100635,CUST1059,2025-01-20,22,O,CLOTHING,1,82.92,41.46,Credit Card,nan
TX100008,CUST1156,2025-08-05,30,female,beauty,2,20.29,40.58,Credit Card,1
TX100981,CUST1115,2025-12-22,,F,books,5,21.22,106.1,debit card,3
TX101068,CUST1033,2025-04-29,56,O,Elec,3,859.08,5154.48,GPay,
TX100909,CUST1012,2025-03-23,67,female,unknown,3,730.31,2190.93,cash,5
TX100136,CUST1040,2025-10-02,59,male,Clothing,4,22.76,91.04,GPay,2
TX101126,CUST1162,22/01/2025,75,Male,BEAUTY,2,107.18,214.36,DC,1
TX101078,CUST1178,2026-03-05,56,Female,Other,2,1442.3,2884.6,debit card,3
TX100108,CUST1018,2025-12-29,21,other,Books,5,23.51,117.55,Debit Card,4
TX100078,CUST1094,2025-07-23,,Femal,Beauty,3,143.18,429.54,Cash,1
TX101128,CUST1150,"November 24, 2025",52,M,home & kitchen,5,141.99,709.95,credit card,4
TX100120,CUST1090,09/06/2025,40,f,Home & Kitchen,1,24.82,24.82,google pay,2
TX100184,CUST1074,2026-03-26,42,Other,clothing,2,102.33,204.66,CREDIT CARD,1
TX100027,CUST1052,2026-03-06,60,m,Home,1,353.34,353.34,DC,4
TX100412,CUST1084,2025-12-14,57,f,unknown,N/A,1359.7,0.0,google pay,5
TX100782,CUST1184,2026-02-30,56,other,Electronics,4,946.58,1893.16,Cash,2
TX100445,CUST1076,"June 16, 2025",32,F,Electronics,4,1419.57,5678.28,Google Pay,3
TX100862,CUST1059,20/02/2026,44,Other,Book,3,17.56,52.68,credit card,
TX100656,CUST1181,2025-09-02,49,f,Home,3,312.57,937.71,debit card,2
TX100934,CUST1195,2026-03-12,65,Male,Elec,1,1425.64,1435.64,CREDIT CARD,4
TX100406,CUST1170,2026-03-07,63,unknown,Elec,2,1248.03,2496.06,N/A,6
TX100117,CUST1052,2025-10-31,64,Other,Home & Kitchen,4,307.75,1231.0,Google Pay,1
TX100416,CUST1049,2026-03-10,61,?,BEAUTY,4,9.76,39.04,Debit Card,4
TX100821,CUST1157,17/08/2025,-12,Other,Books,5,42.99,214.95,CREDIT CARD,5
TX100419,CUST1194,2025-07-20,62,unknown,Home & Kitchen,3,214.03,642.09,Debit Card,2
TX101015,CUST1060,2025-12-08,23,Female,Home & Kitch,2,228.4,456.8,CREDIT CARD,5
TX100294,CUST1189,unknown,-5,Femal,Home,1,258.93,258.93,CC,5
TX100427,CUST1145,2025-12-03,70,f,Beauty,1,110.04,110.04,CREDIT CARD,6
TX100574,CUST1101,26/04/2025,46,m,beauty,2,139.2,278.4,cash,1
TX100693,CUST1155,2025-10-20,27,O,CLOTHING,5,11.92,59.6,debit card,2
TX100050,CUST1030,2025-03-13,24,Other,Home & Kitch,2,400.15,N/A,Debit Card,2
TX101143,CUST1111,2026-03-24,62,F,Electronics,2,60.42,120.84,debit card,5
TX100655,CUST1121,2025-03-18,28,O,books,4,24.58,98.32,Debit Card,3
TX100017,CUST1106,nan,58,male,ELECTRONICS,4,349.2,1406.8,gpay,2
TX100773,CUST1036,"January 07, 2026",56,Mlae,books,4,-10.0,-40.0,,3
TX100623,CUST1080,2025-10-03,69,F,beauty,5,18.17,90.85,Credit Card,2
TX100177,CUST1025,2025-08-10,61,Mlae,Beauty,2,105.07,210.14,cash,3
TX100102,CUST1139,2025-04-22,70,N/A,Home,2,443.78,887.56,Google Pay,1
TX100802,CUST1085,2025-05-07,49,m,Home,5,426.42,2132.1,credit card,4
TX101119,CUST1006,2026-04-23,64,O,BEAUTY,-1,196.29,-196.29,Credit Card,4
TX100043,CUST1168,2026-05-12,N/A,Female,beauty,N/A,145.99,,Gpay,unknown
TX100290,CUST1070,2025-04-14,35,f,Home,5,83.2,208.0,GPay,5
TX100071,CUST1036,"January 20, 2025",26,f,Electronics,2,832.23,1664.46,Debit Card,1
TX100081,CUST1032,2025-09-23,63,O,Home,5,134.39,671.95,google pay,
TX100006,CUST1136,,52,O,Books,3,48.73,146.19,DC,2
TX100595,CUST1087,2025-08-21,45,Femal,beauty,2,69.9,N/A,DC,2
TX100264,CUST1029,"June 29, 2025",40,Mlae,electronic,1,1192.8,1192.8,google pay,4
TX101021,CUST1156,2025-01-27,34,O,Cloth,3,95.82,287.46,credit card,5
TX100341,CUST1011,2025-09-20,63,Femal,Beauty,4,23.2,92.8,N/A,-1
TX100541,CUST1196,2025-10-07,19,m,Beauty,3,35.6,106.8,Google Pay,1
TX100683,CUST1130,N/A,28,M,beauty,4,20.83,83.32,credit card,3
TX101104,CUST1081,"February 21, 2026",69,m,Book,2,nan,,google pay,5
TX100805,CUST1006,2026-02-03,64,N/A,electronic,3,987.56,2962.68,GPay,4
TX100636,CUST1065,2026-04-17,-5,male,Cloth,3,82.38,,DC,5
TX100291,CUST1126,2026-03-18,18,Other,books,5,-10.0,-50.0,CASH,1
TX101062,CUST1011,2025-08-17,20,m,Cloth,4,70.53,282.12,Debit Card,1
TX100300,CUST1040,2026-02-31,36,Femal,BEAUTY,100,73.03,7303.0,CREDIT CARD,5
TX100397,CUST1102,2026-04-26,36,female,CLOTHING,3,81.49,254.47,DC,1
TX100867,CUST1037,nan,62,Other,beauty,0,9999.99,0.0,Credit Card,2
TX100835,CUST1153,2025-12-02,51,N/A,Home & Kitch,N/A,391.35,0.0,cash,1
TX100285,CUST1017,03/03/2025,41,F,,5,576.67,,GPay,5
TX101014,CUST1003,2025-06-04,22,F,electronic,100,724.88,N/A,N/A,2
TX100188,CUST1134,2025-02-04,23,male,Home,N/A,NULL,0.0,Cash,-1
TX100426,CUST1092,2025-05-23,34,Other,electronic,2,813.14,1626.28,N/A,3
TX100047,CUST1163,2025-04-08,60,Male,electronic,1,877.77,877.77,Cash,5
TX100320,CUST1087,12/09/2025,57,F,Elec,1,460.03,N/A,Credit Card,3
TX100492,CUST1129,2025-03-27,65,female,Other,3,559.15,1677.45,Cash,5
TX101186,CUST1179,2025-03-18,34,other,Book,2,48.69,97.38,CASH,4
TX100794,CUST1096,2025-11-24,33,male,Elec,3,731.18,2193.54,GPay,3
TX100847,CUST1151,2025-09-28,0,f,CLOTHING,4,84.91,339.64,CASH,3
TX101035,CUST1151,2025-03-09,24,m,Book,2,35.05,105.15,GPay,10
TX100497,CUST1153,2025-06-09,0,male,Beauty,1,0.0,0.0,Cash,4
TX100788,CUST1166,2026-02-31,38,O,Clothing,5,23.2,116.0,CC,2
TX100517,CUST1009,2025-10-05,75,Femal,electronic,5,662.43,3312.15,Credit Card,3
TX100187,CUST1068,"March 08, 2025",47,Male,Home & Kitchen,5,381.77,1908.85,CREDIT CARD,2
TX101168,CUST1038,2025-04-03,35,Mlae,BEAUTY,1,8.25,8.25,CASH,2
TX100967,CUST1096,2025-02-15,52,O,,3,308.84,926.52,credit card,1
TX100826,CUST1143,2025-04-25,47,other,clothing,5,111.88,559.4,CASH,3
TX101169,CUST1096,2026-04-01,60,F,Books,5,-10.0,-50.0,CREDIT CARD,unknown
TX100581,CUST1104,2025-09-02,27,O,Book,5,26.69,133.45,CREDIT CARD,2
TX100221,CUST1134,2026-02-22,62,unknown,Book,1,29.67,nan,Google Pay,2
TX100383,CUST1054,"April 23, 2025",37,Femal,home & kitchen,2,341.96,683.92,CC,3
TX100183,CUST1183,2026-01-13,63,F,nan,3,1071.32,3213.96,CASH,5
TX101008,CUST1185,2025-09-17,58,O,Electronics,4,524.27,2097.08,Cash,4
TX100734,CUST1192,2025-08-23,36,F,ELECTRONICS,5,116.64,583.2,Gpay,4
TX100424,CUST1178,2025-04-03,20,M,Home & Kitchen,1,235.17,235.17,credit card,5
TX101025,CUST1003,"April 17, 2025",75,Femal,Electronics,nan,292.89,0.0,CASH,1
TX101040,CUST1190,2025-10-05,68,F,beauty,2,134.42,268.84,N/A,3
TX100592,CUST1177,12/01/2025,120,N/A,books,2,19.46,38.92,debit card,1
TX100653,CUST1146,2025-05-15,69,female,Home,2,33.57,67.14,cash,4
TX100452,CUST1083,2025-03-07,45,Femal,Home,2,181.69,363.38,Google Pay,4
TX100417,CUST1038,04/11/2025,70,O,electronic,N/A,869.48,0.0,Cash,nan
TX101140,CUST1075,2025-01-08,59,Mlae,beauty,1,27.18,27.18,Debit Card,3
TX100934,CUST1195,2026-03-12,72,Male,Elec,1,1425.64,1425.64,CREDIT CARD,4
TX100689,CUST1079,2025-04-09,56,Other,clothing,3,88.39,265.17,GPay,3
TX100960,CUST1140,2025-09-01,29,male,books,3,42.43,127.29,Credit Card,1
TX100536,CUST1067,2025-12-12,43,male,clothing,1,43.94,43.94,GPay,unknown
TX100428,CUST1038,2026-03-21,32,Male,Home & Kitch,3,319.7,959.1,credit card,4
TX101172,CUST1198,2025-03-01,57,O,CLOTHING,1,45.08,45.08,cash,3
TX101148,CUST1104,"July 09, 2025",66,male,Beauty,4,87.97,351.88,,5
TX100715,CUST1165,09/12/2025,63,Female,Books,1,6.41,6.41,cash,4
TX100822,CUST1022,01/05/2025,50,O,Electronics,,1101.82,0.0,N/A,1
TX100276,CUST1066,2025-12-02,33,Other,clothing,1,101.49,101.49,cash,3
TX100067,CUST1172,,45,male,clothing,100,,0.0,Credit Card,5
TX101033,CUST1152,"August 07, 2025",54,other,clothing,1,27.79,27.79,cash,-1
TX100063,CUST1115,2025-12-15,73,N/A,ELECTRONICS,3,1198.57,3595.71,cash,3
TX100019,CUST1156,"September 19, 2025",20,Mlae,nan,1,9999.99,9999.99,DC,4
TX100859,CUST1072,2026-03-10,0,O,ELECTRONICS,5,290.5,1452.5,Google Pay,5
TX100311,CUST1194,2025-10-03,50,female,CLOTHING,1,29.89,29.89,Google Pay,3
TX100813,CUST1152,2025-12-13,33,M,Home & Kitch,1,34.19,34.19,Credit Card,4
TX100142,CUST1020,2025-10-31,NaN,f,home & kitchen,2,47.49,94.98,GPay,4
TX100090,CUST1045,2025-08-24,73,other,Books,nan,30.11,0.0,Google Pay,3
TX100197,CUST1101,"April 25, 2025",50,female,Cloth,2,59.08,236.32,Google Pay,0
TX100077,CUST1094,2025-09-20,72,Female,clothing,5,13.56,67.8,Cash,5
TX100674,CUST1175,2025-03-26,-12,other,Cloth,,100.72,,N/A,1
TX100170,CUST1080,2025-03-08,22,female,BEAUTY,4,nan,nan,gpay,nan
TX100235,CUST1077,2025-02-17,22,F,Beauty,3,15.18,45.54,debit card,4
TX100194,CUST1014,2026-03-12,60,M,Book,2,9.5,28.5,DC,5
TX101010,CUST1174,2026-02-31,67,m,Clothing,4,71.56,143.12,CREDIT CARD,4
TX100686,CUST1016,"January 21, 2026",19,O,Beauty,2,9999.99,N/A,gpay,3
TX100234,CUST1002,"June 03, 2025",70,N/A,BEAUTY,5,37.71,188.55,DC,3
TX100103,CUST1089,2026-04-28,62,male,beauty,2,65.74,,CASH,4
TX100863,CUST1080,2026-02-20,67,female,Home & Kitch,2,44.89,89.78,debit card,2
TX100499,CUST1076,2025-01-28,69,O,Electronics,1,513.56,513.56,Debit Card,5
TX100980,CUST1075,"January 08, 2025",31,Male,Beauty,3,81.45,244.35,Cash,4
TX100583,CUST1190,2025-10-03,33,Other,Cloth,4,nan,nan,GPay,-1
TX100742,CUST1094,2025-11-18,22,m,clothing,2,85.29,170.58,GPay,1
TX100044,CUST1024,2025-08-11,150,Female,electronic,4,235.44,941.76,gpay,4
TX100219,CUST1027,2025-05-15,NULL,male,Cloth,2,13.14,nan,CASH,10
TX100028,CUST1102,2026-04-28,58,O,Beauty,5,158.27,791.35,Debit Card,4
TX100500,CUST1173,2025-09-19,27,F,clothing,1,98.62,98.62,google pay,5
TX100530,CUST1044,28/05/2025,N/A,Mlae,Clothing,1,115.58,115.58,CREDIT CARD,5
TX100156,CUST1095,2025-04-06,32,Other,Electronics,5,632.7,3163.5,CASH,5
TX101187,CUST1106,"June 25, 2025",31,?,electronic,1,1225.5,1225.5,Debit Card,2
TX100181,CUST1012,2026-04-20,75,other,nan,,804.94,0.0,google pay,2
TX100261,CUST1052,2025-04-09,60,M,Electronics,3,833.06,3748.77,GPay,3
TX100374,CUST1199,04/11/2025,55,Male,Elec,4,101.09,404.36,Credit Card,4
TX100411,CUST1007,2025-11-05,NaN,other,books,2,5.14,15.42,Debit Card,unknown
TX100940,CUST1044,2025-12-04,43,F,Books,2,,N/A,CASH,2
TX100402,CUST1185,2025-04-12,36,Other,Books,nan,22.92,0.0,Cash,4
TX100747,CUST1200,2025-01-14,19,Mlae,CLOTHING,,58.29,0.0,credit card,nan
TX100778,CUST1189,01/03/2026,32,Mlae,Elec,3,624.47,1873.41,CC,5
TX100284,CUST1117,2025-11-09,24,other,CLOTHING,4,NULL,0.0,GPay,3
TX100577,CUST1002,2026-01-19,150,m,,5,977.69,4888.45,CREDIT CARD,1
TX100331,CUST1013,2025-07-25,41,Other,beauty,4,166.83,667.32,debit card,4
TX100312,CUST1032,2025-08-27,63,Other,Books,4,32.02,192.12,cash,nan
TX100751,CUST1198,N/A,21,Male,Home & Kitchen,5,336.25,1681.25,N/A,4
TX100036,CUST1109,2025-02-28,-12,male,beauty,4,140.23,1121.84,Cash,4
TX100033,CUST1071,2025-01-24,NULL,Mlae,Book,1,16.36,16.36,Cash,1
TX100545,CUST1075,"September 25, 2025",N/A,f,Home,4,19.27,77.08,CREDIT CARD,2
TX100589,CUST1002,2026-02-31,26,N/A,Cloth,3,42.43,127.29,DC,2
TX100399,CUST1129,2025-10-28,75,m,Beauty,3,103.76,311.28,google pay,nan
TX100481,CUST1072,"January 02, 2026",54,f,Home,4,nan,nan,DC,5
TX101074,CUST1033,14/04/2026,,f,Electronics,3,0.0,0.0,CASH,4
TX100774,CUST1006,2025-07-23,30,F,clothing,2,0.0,0.0,CC,2
TX100957,CUST1084,2025-09-08,39,,Beauty,4,66.99,267.96,Debit Card,5
TX100874,CUST1074,2025-02-24,58,other,Cloth,1,17.67,17.67,CASH,2
TX100084,CUST1069,2025-08-19,42,F,nan,5,1087.27,5436.35,unknown,3
TX100607,CUST1116,2026-02-30,74,?,Clothing,3,67.81,203.43,CREDIT CARD,5
TX100833,CUST1146,"June 09, 2025",55,Female,Beauty,2,19.25,38.5,CASH,1
TX100933,CUST1172,2026-01-04,64,Male,electronic,5,781.27,3906.35,GPay,5
TX100825,CUST1119,nan,21,O,electronic,-1,1189.37,-1189.37,gpay,5
TX100817,CUST1112,2026-02-26,33,O,electronic,4,NULL,0.0,Credit Card,4
TX100717,CUST1062,2026-02-30,44,male,beauty,1,100.7,100.7,DC,5
TX100890,CUST1177,2025-10-16,43,O,Home,2,204.91,614.73,Cash,3
TX100391,CUST1115,"February 02, 2025",54,f,electronic,4,533.24,2132.96,Google Pay,5
TX100748,CUST1098,unknown,34,Other,BEAUTY,4,108.27,433.08,DC,1
TX100771,CUST1017,2026-02-31,22,Mlae,Electronics,100,801.16,80116.0,CREDIT CARD,4
TX100222,CUST1068,2025-02-10,57,O,beauty,1,43.02,43.02,DC,2
TX100973,CUST1096,2026-05-09,18,Male,Book,2,47.01,94.02,debit card,5
TX101194,CUST1100,2026-02-30,66,Femal,Beauty,500,124.21,62105.0,Google Pay,3
TX101188,CUST1095,2025-02-02,40,m,Other,3,1396.92,4190.76,CASH,4
TX100247,CUST1194,nan,150,F,ELECTRONICS,4,925.03,3700.12,Credit Card,1
TX100875,CUST1002,unknown,27,Male,Books,5,46.74,233.7,unknown,5
